date,temperature,rainfall,population_index,water_demand
2020-01-01,11.713611614217058,0.0,99.44405994097654,423925.50960520137
2020-01-02,11.098201517450489,0.0,99.77068461788039,429745.26493178227
2020-01-03,8.911314951889672,0.0,98.70456940930927,431969.4791023724
2020-01-04,12.794263584710619,0.0,99.66459441358681,412585.88500840624
2020-01-05,8.502720861652271,0.0,99.74949764495459,461295.017654274
2020-01-06,6.987225829292326,1.3284160359352453,99.7267926490426,404501.80936441105
2020-01-07,8.686976438685978,0.0,100.44380773086247,395161.01784854574
2020-01-08,11.173390315882948,0.0,100.14727800768677,440758.4274672187
2020-01-09,7.577044111874056,0.0,99.37004366988403,397895.4440814171
2020-01-10,7.272924174776088,0.0,99.71034588138855,430604.4098814211
2020-01-11,13.820623105308314,0.0,99.9506483935539,452848.906829879
2020-01-12,6.268951963255124,0.0,100.649514262125,443182.3957588527
2020-01-13,13.36630976122467,0.0,100.24589914758667,413020.4811767679
2020-01-14,12.017326095547256,0.0,101.7566546013001,412662.4720338539
2020-01-15,9.811122914424143,0.0,99.36655687876662,443001.4631656956
2020-01-16,13.794195523908654,0.0,99.6867288714565,442267.50128654466
2020-01-17,10.526312261245145,0.0,100.33750842349453,451662.9732570957
2020-01-18,12.015960681582536,0.0,100.77814184063317,477956.1780188251
2020-01-19,10.401148837854185,0.0,100.73450439426968,465825.14903568086
2020-01-20,3.4504566243906734,0.0,100.32953285203963,419080.4840720103
2020-01-21,12.15031169546946,0.0,100.2372672829546,428858.3368227899
2020-01-22,5.841205658024405,0.0,100.1440348856474,477589.5504142109
2020-01-23,11.114946937535384,0.0,100.69075917529726,449156.9983316401
2020-01-24,14.162094663000248,0.0,100.82737870263695,467297.8485754112
2020-01-25,9.246475123625071,0.0,99.6349364631018,457628.75861402415
2020-01-26,12.289150785480018,0.0,100.14020566883357,468403.9028056021
2020-01-27,14.041626228771838,0.0,100.45133676858384,433901.4431186792
2020-01-28,11.03608157890298,0.0,99.96811960671738,445505.7077351654
2020-01-29,15.441273240166792,0.0,99.34818025569436,439452.75284993724
2020-01-30,13.200432107771798,0.0,100.80705032787168,421551.48513098015
2020-01-31,14.387041391209305,0.0,100.27592639766023,458885.5935530092
2020-02-01,13.174162294645,0.0,99.57256115090371,496393.49155432626
2020-02-02,9.843337734880649,0.0,100.55863251050356,513689.205440439
2020-02-03,14.1607012124312,0.0,100.05638099802461,425041.13986353256
2020-02-04,10.340663705467868,0.0,100.62384335008018,436369.82686985494
2020-02-05,16.76138610860835,0.0,100.05760997381115,506490.47998123965
2020-02-06,15.136307426748857,0.0,99.6599242503477,454259.5388325296
2020-02-07,12.716976894366061,1.6073524444627205,100.43742171513183,437023.52142643795
2020-02-08,10.977000748037664,0.0,99.74321229124075,473833.32900555775
2020-02-09,15.779644586224423,0.0,99.76973987529797,496054.307016018
2020-02-10,13.957757252672522,0.0,100.65332545934739,474854.13783112535
2020-02-11,11.041760711784244,0.4955132706521328,100.37476002215375,451434.55805893167
2020-02-12,14.12803387754768,0.0,100.51341459386462,478069.67918913177
2020-02-13,17.057456012388627,0.0,99.65712082360221,418289.4770025003
2020-02-14,14.83144906351349,0.0,99.34458972248663,457861.9792157646
2020-02-15,13.235391156371117,0.0,99.79771259835337,488306.3169903231
2020-02-16,19.304366655992496,0.0,101.44422576871771,559443.2257279413
2020-02-17,18.859363439363786,0.0,99.2425718462246,460488.11239548743
2020-02-18,12.931076226319714,0.0,99.87466924490131,492548.4207122084
2020-02-19,14.062577309776522,0.0,100.7387055677601,490054.0143188582
2020-02-20,16.347550593834214,0.0,99.51176597340228,447377.17940460163
2020-02-21,19.16815422188495,0.0,100.49879719885766,484878.333379658
2020-02-22,12.739759191186838,0.0,99.63485307070817,501101.05880585563
2020-02-23,9.690121263987265,0.0,100.06773918253742,507349.903253698
2020-02-24,20.15456105391106,0.0,100.49568659299925,492633.0201508434
2020-02-25,15.380337568030338,0.0,100.3553952187739,482688.85603552434
2020-02-26,20.9039168538928,0.0,100.64749880488779,476687.1003380068
2020-02-27,17.62314458583647,0.0,100.45000877956704,457458.1831280428
2020-02-28,15.841186536187298,0.0,100.00383285529531,461224.95653961966
2020-02-29,19.483022590178244,0.0,100.72682138408699,541965.2055885713
2020-03-01,14.302438425381073,0.0,99.43199370050687,483201.8207863514
2020-03-02,14.945199484364728,0.0,100.22242838156653,499379.43824228924
2020-03-03,19.59334263986891,2.498520214810987,100.98944815838286,471152.0441967061
2020-03-04,19.328091529173534,0.0,100.20662859022107,465248.8159787062
2020-03-05,23.185128788286182,0.0,99.84458049212526,453839.2940567645
2020-03-06,21.089206868559437,0.0,100.00345655030505,482965.48567201855
2020-03-07,11.512225178544341,0.0,99.94572219241275,513999.63079860725
2020-03-08,19.18913322313192,0.0,100.14726033381382,538441.4953513088
2020-03-09,19.796333431725607,0.0,100.94653074793973,478589.05336920806
2020-03-10,16.295547073984732,1.895255738771236,99.35625744774946,508334.47386422096
2020-03-11,17.55098679814418,0.0,100.54159682695092,468462.37773683557
2020-03-12,20.18618550215751,0.0,99.66287498715425,467634.74521714257
2020-03-13,17.769134638282992,0.0,100.50316893598202,491568.66588684474
2020-03-14,19.262714505214706,0.0,101.53444636064098,560149.0906391721
2020-03-15,17.845112352561557,0.0,100.83816934210837,550100.8523820763
2020-03-16,25.881854714841623,0.0,99.34550476860983,484312.5077864335
2020-03-17,17.206758346644822,0.0,99.45654327439144,499571.31585471536
2020-03-18,21.370061924844286,3.95970758677455,100.78932223850516,518461.46204691613
2020-03-19,21.928713105904652,0.0,101.01350528309203,493844.28271915077
2020-03-20,14.860596412727368,0.0,100.56704758935614,504602.2500282288
2020-03-21,12.815221950235406,0.0,100.56436974779939,554825.4224263217
2020-03-22,24.892680574937767,0.0,100.21508773566916,576870.8961201767
2020-03-23,17.312982380546302,0.0,99.76127108698518,513350.9499218876
2020-03-24,23.8688945271428,0.18248730456250395,100.61716911934734,492138.50247506186
2020-03-25,25.512516969180894,0.0,100.54144482868276,544483.3144378292
2020-03-26,24.11005333008802,0.0,100.78459291117936,551222.2972933701
2020-03-27,18.306491270083193,0.0,100.99656403427137,467287.15739761846
2020-03-28,17.82207850256868,0.0,100.57286615021127,501064.97378961195
2020-03-29,20.081896987498645,0.39394855280514773,99.62655516605908,556952.1083099323
2020-03-30,22.863966942919923,0.0,101.04503296859797,483610.7123990988
2020-03-31,21.512260256463613,0.0,99.93851620960386,527911.3434768484
2020-04-01,24.29176523453036,0.0,100.0017274700703,532905.4518796048
2020-04-02,20.626948720447498,0.0,100.44652393986969,492695.3950072177
2020-04-03,20.72417783589922,0.0,100.45451328563014,522093.39482991665
2020-04-04,24.09559110330535,4.911373948245343,100.93661439162368,535441.3428820716
2020-04-05,20.50853086793842,1.1612975791928966,101.70345764392333,567048.2013664255
2020-04-06,21.003333859029546,0.0,100.81011506211281,535102.6639809273
2020-04-07,32.283834756457345,2.1338711005336384,99.72406352429637,528140.2248358519
2020-04-08,20.9415243059998,0.0,100.2094506416384,497712.25902193954
2020-04-09,28.434435596579537,0.8816397569494505,100.10120071886197,529897.8685821833
2020-04-10,30.65743492321804,1.1005405697786004,100.02501569181251,526883.404327561
2020-04-11,21.06798207431956,0.0,99.59220126475519,606616.700104535
2020-04-12,23.937206389391896,0.5999733221339714,100.3254866849457,566454.2436014669
2020-04-13,22.866559187368722,0.3111306709137714,99.30861375257673,545865.631298652
2020-04-14,25.340018620236712,0.3446216888108313,100.2770600207606,556841.7459352507
2020-04-15,25.82774558421293,0.0,101.59255839912935,591535.8122922672
2020-04-16,27.27848581524396,0.6210715364223983,100.71622959304746,467594.5467697604
2020-04-17,23.25672139484592,0.3792106209611855,100.90110020704725,496072.3244959627
2020-04-18,24.58609880660506,0.0,100.51298163031409,585747.5306213263
2020-04-19,23.12877538008322,1.6161363926863594,100.8576130726049,632329.462963646
2020-04-20,17.668630878993255,0.1436018325885111,100.6830295723587,540908.543481303
2020-04-21,26.695075271627577,2.6049646649226785,100.77242050342005,525283.4667871761
2020-04-22,23.913955095188662,4.046509165090806,100.75396113876829,581090.2644200544
2020-04-23,28.134387537754286,0.8665393438025413,100.48946724345521,583774.0788992929
2020-04-24,23.63438026936241,0.0,100.62919286301035,595948.4689685814
2020-04-25,26.78533139938347,1.1397831635468143,101.07164450851312,608409.2984237669
2020-04-26,23.289313740095878,1.7283944647718865,99.89160169668835,625762.8582731666
2020-04-27,27.096704221418662,1.1083082516450158,101.11931184032969,555615.6426767516
2020-04-28,24.754683830902035,2.0091088296056605,101.05697505720858,523062.80531265726
2020-04-29,26.565381846525614,1.2088478989158042,100.47350039046745,573540.025490821
2020-04-30,30.343542989305902,1.8433718430143005,101.1346458209761,582942.4217272949
2020-05-01,30.77034471352968,2.8560213670857513,100.27128326219413,512844.59387273475
2020-05-02,21.404533869833326,3.4231111087608115,100.75390077865518,669055.0113974921
2020-05-03,26.258221144441098,2.053060362187763,100.72379054695661,627977.9237983483
2020-05-04,28.433820700865702,2.3085134309227753,100.79967320375383,521645.6828714847
2020-05-05,23.088422046339062,4.049325122794131,100.18520721107772,531841.746312524
2020-05-06,27.39979199130347,3.3339162155104045,100.39142488773301,542183.1920201129
2020-05-07,30.56332614294518,2.5449168046047985,101.117050521048,493782.18287681317
2020-05-08,26.77624243098497,3.020309114754175,100.52849419850571,595244.9377806727
2020-05-09,26.80044222088266,1.3523067616842739,99.35340279428925,606851.4369787233
2020-05-10,26.997505001963148,3.237988554500979,100.19870989410404,618664.7356498203
2020-05-11,25.40179351169138,2.450935858695967,101.99944604064186,563364.8964986535
2020-05-12,27.94742184485432,7.2308915102163285,100.43139559125652,527278.9143253495
2020-05-13,27.911543499134908,2.217081942595839,101.41797848095206,489188.69124712335
2020-05-14,21.876472456028793,1.5911695877196916,100.55780459719865,546728.5868622066
2020-05-15,23.98846609397543,2.1244579514546147,100.55366425251694,555165.5242263031
2020-05-16,29.763918157802607,2.1992136406514446,101.1009074101534,588340.2151317907
2020-05-17,26.82891989723915,3.529982060695627,100.57019255031051,602091.2985813336
2020-05-18,30.93609651918562,2.1680206767648373,100.57051246359431,599618.1920923783
2020-05-19,25.340825250119224,8.324474431639791,100.9195245860308,512661.1033202945
2020-05-20,31.443066580432784,3.056406912435572,100.14117028400901,538188.8141136396
2020-05-21,32.70268945343278,3.5103348189841537,101.3907313885062,505892.9266355174
2020-05-22,23.576795224867986,2.8254250733141717,100.50038789379487,568104.6570718612
2020-05-23,28.803497840694327,4.536681783742298,100.6104536139301,650467.4880274785
2020-05-24,35.45868053082947,4.467802624902984,100.13955146990098,618701.4576129481
2020-05-25,24.178081763049004,4.108242415178577,101.30381728409697,569525.8582614986
2020-05-26,29.906165699408245,4.598999611164208,100.29282512157127,568908.7816326225
2020-05-27,28.73228369789183,4.481761618578393,100.4877596767043,556461.2556903375
2020-05-28,30.825352523586908,4.85560119747883,100.49987525855182,517255.3077514344
2020-05-29,26.5657191728465,2.437923531870402,101.09808313045676,519666.0473853145
2020-05-30,35.63964382982605,3.540600657807333,100.38738654790205,648590.5697325652
2020-05-31,27.726286990417996,4.02157242672895,99.97725290843488,642109.8624033764
2020-06-01,28.451384773827062,6.800632230603045,101.81501157813149,560607.0743178263
2020-06-02,24.88593648541076,3.6045202947081343,101.14916844706269,590242.6738575972
2020-06-03,31.474284142226566,2.4855764905023543,100.17875760557791,565202.2628805327
2020-06-04,32.848777692223464,4.2251062579515155,101.12379404313275,599363.8795084251
2020-06-05,32.20019843331965,5.957600495631544,101.06417549417911,569158.7102432748
2020-06-06,30.553658870736044,2.924491772218926,101.078154112258,624829.3483527725
2020-06-07,33.16373915742207,4.16683662369841,101.32944430783122,612318.4749042076
2020-06-08,30.099608628540068,4.086687862697705,100.97683774547706,553172.5104452998
2020-06-09,33.61032682171089,4.198406222021893,101.59472855314331,579339.1161603387
2020-06-10,32.96749149131599,2.892134591256179,100.2019768730653,589826.0513455903
2020-06-11,32.038134800287054,4.465618949933733,100.62353377806092,605137.8154037035
2020-06-12,36.81767959877544,4.095362413544778,100.046737481415,519586.8005444095
2020-06-13,27.323206764909386,6.165977562933714,100.39005963486399,579447.5121523389
2020-06-14,24.157235431777913,3.326034528842618,101.3907490146378,618096.3765594044
2020-06-15,29.824104081816152,5.243857740399911,101.48760980317086,610867.418051662
2020-06-16,25.27388805169939,5.175426845365796,101.18721758156383,541055.0406890012
2020-06-17,28.50418142170034,4.468072835464475,101.62525242095455,551472.4869747118
2020-06-18,27.50038451761305,5.1391250119760095,100.56786634922796,537958.1175362905
2020-06-19,37.071984601605315,5.6356882313319545,100.61954908923394,557381.4351772036
2020-06-20,30.856896830136773,5.061057024552685,100.50613721889447,620255.1457580923
2020-06-21,24.750145900606377,6.067122721878208,100.51643335963331,609430.2310546013
2020-06-22,32.073598231388196,7.529467169474696,99.2019559514072,530754.2017742485
2020-06-23,33.5967716570145,5.147562178804362,101.2887790144448,620650.507526173
2020-06-24,31.71929105419182,4.468243738284622,101.41980479153185,581939.2265953546
2020-06-25,31.16902880715843,5.564222998637611,101.49211731232259,599547.6552553851
2020-06-26,34.08037752137152,9.773263703268912,100.88069472145375,570243.2592413502
2020-06-27,33.532212367312326,7.478464595738229,100.9841002639425,662292.6877593672
2020-06-28,30.461834268265594,4.952059697014708,101.35185437467169,579214.4694827535
2020-06-29,34.346863719968184,7.997976608396641,101.24968810199998,569279.8519532704
2020-06-30,33.4584155695409,3.4944846883914273,100.76293509862204,578488.3614845246
2020-07-01,33.01946295053798,5.667816173614226,101.5891504984986,524634.8410521093
2020-07-02,28.086000569054555,5.337704489023366,100.9315835555348,501685.13721432706
2020-07-03,31.920446383219186,6.0506183238333735,100.27857168069957,497376.59860016644
2020-07-04,31.002550851326717,4.477080943197686,101.56898139438596,665494.6609999096
2020-07-05,28.970835896000608,3.839288976653286,101.9368497633687,594532.926388513
2020-07-06,25.014213387566915,4.299976462454465,101.46795229732102,555148.5852350688
2020-07-07,27.40804970934466,6.436114916979212,101.49973646511782,549694.8473785303
2020-07-08,31.004224296233946,9.029171743747817,101.38382021459279,582526.8090783875
2020-07-09,30.811751737032296,5.607442080403097,101.13370068228208,580066.3876883328
2020-07-10,29.10421230178209,6.707255042663178,100.70272189685309,605550.8196126764
2020-07-11,29.191626512188915,5.311529190271332,101.46671806983261,595246.3409447308
2020-07-12,27.90947544364075,3.255527283092153,100.82572168018943,545364.2018700663
2020-07-13,24.429506012387193,5.750358367722289,101.24341937687258,565199.3366067142
2020-07-14,29.039155422032245,4.967011095036828,102.26384596080818,561685.2555529047
2020-07-15,30.61412826521586,7.5481327762897354,100.63015292153635,555371.865251283
2020-07-16,28.157004187861407,5.892233535717294,101.17149713073938,524640.3891039874
2020-07-17,31.85365869021997,5.9462548108183855,101.21702729923356,535517.9055160036
2020-07-18,34.24276893670609,5.302194260794711,101.53234895500852,637312.9349894433
2020-07-19,31.87269871400762,8.899596667717839,101.74893000188,621565.5662699045
2020-07-20,34.864453605713145,4.226547050521181,100.91095308186895,567822.444804224
2020-07-21,25.45601634528646,4.369985612933112,101.08901781253202,610356.2078423101
2020-07-22,33.642918391219474,16.5349691892041,101.12567836331034,559412.3679111128
2020-07-23,30.207883058536172,3.9015094484588175,100.98347016827569,510774.6920138096
2020-07-24,29.469562740278334,5.4884496902861,100.18547478280747,520487.3564891015
2020-07-25,23.488589234062772,6.8207742182137885,101.66246337088192,599319.637733544
2020-07-26,27.555825543201035,7.473748631539056,101.86687583347927,647528.9376235158
2020-07-27,26.094327823343356,5.166136283726602,101.29598872413118,537304.5590074053
2020-07-28,22.914492030752736,4.693436580478249,101.52542131464226,466552.49098310136
2020-07-29,31.20488482918614,3.9684103637317802,100.4977148177416,582746.297713528
2020-07-30,26.24581030040555,5.033213574052601,100.37259012395131,530781.3554533828
2020-07-31,21.251504075889184,4.910224074307175,100.3777326907869,521129.95649758686
2020-08-01,31.925088442772754,5.841165154017559,101.00069060277107,662826.6061221374
2020-08-02,28.452251325879576,5.020648888613252,101.01533868303335,606858.2842728152
2020-08-03,26.207276433845276,5.519923147865776,101.10702001061273,510770.6196124361
2020-08-04,26.497282394229018,4.968121258227867,101.63612721473594,550443.399543059
2020-08-05,29.938551350667716,1.5860259132590984,100.74788217316,569531.7773508265
2020-08-06,24.00431776028708,5.087773398655759,100.87705055004795,583365.42085168
2020-08-07,26.120856693122526,4.620847155330461,101.17897748526639,591297.3905011821
2020-08-08,29.45300234932177,4.6696410394758585,101.75267083964282,632555.7724513753
2020-08-09,28.349555870132473,3.176330581188191,100.81958057953848,607413.2845539064
2020-08-10,29.31614862967774,4.022992499484017,102.01773754034693,558198.6265009939
2020-08-11,25.433742225084437,5.194231608747027,101.739829432217,548909.5973352119
2020-08-12,28.194277492049938,4.819061502387358,101.14682933496995,536853.0088099272
2020-08-13,25.372545399471353,4.151525733812716,100.58833389439823,486718.4092718709
2020-08-14,23.09640911012023,5.6395667246142365,100.91335266745398,489259.95902922424
2020-08-15,30.536381742692786,5.04667081085438,100.1137743300213,559291.3113739464
2020-08-16,25.64453909550321,5.111624989951352,100.54902491100239,527575.2091756365
2020-08-17,28.38998268450332,6.372735236772283,101.58928693007799,545061.2008906024
2020-08-18,24.417798038529,4.271378393735783,100.87780764343833,517562.3993108735
2020-08-19,19.949036755206883,4.46040489969842,101.35022685663324,556843.103084107
2020-08-20,27.63342127243006,2.197987718341393,100.9641081392794,495262.44223712763
2020-08-21,24.324787782790242,3.5521806573381998,101.32394811346202,492595.0595175478
2020-08-22,22.77121082888887,3.973004418734995,101.97545844809923,576560.0268302127
2020-08-23,22.68479175408821,3.657647780093732,101.34339088196249,591331.4279944754
2020-08-24,24.413321042876362,4.050852657452273,100.58643082613729,563287.3021200269
2020-08-25,20.378947840696497,2.779355312748474,101.69467590043038,510501.0718870981
2020-08-26,29.411837027745115,4.537250902317299,102.41006483299124,494898.9566392332
2020-08-27,25.367616679004175,2.6115415332284844,101.21156541381289,523067.9346137382
2020-08-28,23.766250540766393,3.1350508793612017,100.5412277858447,524289.5741037958
2020-08-29,27.85250902199334,1.531371663260518,100.91335730227327,631899.0311911069
2020-08-30,28.345314720246186,2.596772213213849,101.47203037896674,564641.5889028505
2020-08-31,18.280278526892282,3.825553270111031,100.77579147908747,487763.5514742401
2020-09-01,21.225995934949044,2.817404109650389,101.44856779028092,476126.8149540726
2020-09-02,23.813717323462566,3.779409397770406,100.75086721769338,477683.5563683663
2020-09-03,24.740623980371183,4.822492641074653,100.99015722785825,503075.46464286867
2020-09-04,24.164378823102833,5.223571039490766,101.43283817526,468337.01155757066
2020-09-05,21.988751056044602,1.8296487228781795,102.01065740597562,537496.9846775377
2020-09-06,20.5530458465169,11.035301592118392,101.39564624997544,568876.3789057722
2020-09-07,22.21204069162027,3.8149776112360962,101.46066793150841,496911.6732704757
2020-09-08,22.218220590260604,2.3614837625159777,100.83484200337591,485336.299917933
2020-09-09,19.535315341998412,2.200354979344962,100.45753258314421,515686.1394983221
2020-09-10,18.168171516183683,0.210905453478905,101.79929352638378,518092.25957929005
2020-09-11,22.061843680986733,2.286106374535353,101.42754303735408,504841.0144560684
2020-09-12,23.8944245948228,1.9205662156467087,101.67634585242297,579034.5454441417
2020-09-13,19.44475783864226,1.8970156788606276,101.66587756033117,530914.2329366504
2020-09-14,20.879316471343593,2.0461497767909718,101.29054696217463,507854.9711711534
2020-09-15,28.017816701116303,1.676418659432084,101.41379442114382,477761.4704015387
2020-09-16,17.256069188513603,1.5920395142680541,101.6679951298353,502222.4360873232
2020-09-17,14.872276259919452,1.170878541222094,100.94994707932871,492221.97767207137
2020-09-18,16.478428849111896,2.3369428359175917,100.94185504294641,500458.1727335572
2020-09-19,17.86949109313012,1.593449182805988,101.50494636232419,537300.0242381654
2020-09-20,17.923280736924866,1.2722384171566312,101.44395536657976,526692.8375261528
2020-09-21,14.988660205413662,2.4052793360777676,100.16465111635557,503380.0045600983
2020-09-22,15.319108211465934,1.1857729115169136,102.05101631034357,487297.6746896683
2020-09-23,21.884034765030542,3.1662495926944416,101.2568295234528,486181.49450838566
2020-09-24,21.665987341557983,1.9810289522389697,100.96105937881546,488820.54899643664
2020-09-25,13.025068288629347,3.2217732366614027,101.44996109253091,453895.51139003475
2020-09-26,17.404875078038636,0.19258386120674975,100.31776603270943,525473.2886301904
2020-09-27,15.939814625653531,0.0,101.14007962161052,567941.542046622
2020-09-28,16.577407934839467,6.41089610388497,102.55877185931087,457866.2379161483
2020-09-29,20.450994624157573,1.1233818136924816,101.16537309532626,491367.73096867534
2020-09-30,14.481817381659962,0.8018210642395256,102.49781579481818,491438.25080919004
2020-10-01,16.791277790241878,0.8630084451682964,100.82306168296152,457462.3334672436
2020-10-02,21.320664011618078,0.0,101.27642295394116,479660.25666353584
2020-10-03,18.399907569347786,0.0,102.00565487901933,518318.502327363
2020-10-04,13.120424014662909,2.157540329687794,102.17723165879187,535510.6845081772
2020-10-05,18.587871922257023,9.391417301179818,101.19687932282038,480650.89470907324
2020-10-06,17.22642315682324,0.49429736773311655,101.89704321209209,496184.7681029665
2020-10-07,14.33022071351023,0.49896089165889257,101.00724243652732,427083.62403271976
2020-10-08,22.897018118600016,0.0,101.29324621318396,476374.44846233464
2020-10-09,17.197742884627573,0.0,101.97089356700792,466864.4528760459
2020-10-10,15.903916727756533,0.16432431426214172,102.15302788403758,522640.4845305755
2020-10-11,18.911092854116422,0.5302270757711741,101.64217858536239,489655.47181025264
2020-10-12,17.285485489647666,0.0,101.57241317048467,439986.05333748163
2020-10-13,17.41203538870834,0.3476657371039867,101.68305657295902,534806.4376596239
2020-10-14,17.46872235706786,0.0,101.73251259980204,495327.93078224757
2020-10-15,13.7497981849024,0.0,101.46918172592713,448159.9371733816
2020-10-16,13.721398790272389,0.0,101.93911913353071,502966.89968536724
2020-10-17,13.766423442269241,0.0,101.5176993368698,512975.6519785619
2020-10-18,12.804419844363522,0.0,100.86528736817961,479023.38405843964
2020-10-19,13.646745298180134,0.0,102.45920560586927,458573.25465552445
2020-10-20,15.535044164162555,0.0,102.44177816568528,450913.6922656579
2020-10-21,18.213832489371725,0.14506939585383105,102.71386639656977,463513.70259920886
2020-10-22,14.94829467163607,0.0,102.64300134844274,494836.5054521932
2020-10-23,17.497503203106497,2.8551688223373475,101.20865934238279,448157.29489326815
2020-10-24,13.772779419398162,0.0,102.09718120818167,524278.21461325715
2020-10-25,5.822354013186146,0.20660857330029236,101.20714782600119,488990.6970099163
2020-10-26,15.44466382506356,0.0,101.12219483610056,498216.29026878276
2020-10-27,17.530802823578558,0.08275596459055545,101.45369527909503,482883.514849131
2020-10-28,19.386491952720526,0.8070140817595745,101.71575250821604,416124.89894737187
2020-10-29,14.569122060510843,0.0,101.90762045445588,443481.03310254664
2020-10-30,9.958648269599836,0.0,101.64257426385316,489020.9659717067
2020-10-31,18.32288908503384,0.0,101.8392325714841,474880.01747697685
2020-11-01,14.397723557513096,0.0,101.61727820500886,491307.28897335456
2020-11-02,10.452539877636246,0.0,101.25272673961558,424560.6705752617
2020-11-03,12.051733381251225,0.0,101.66769631832693,430737.4924351731
2020-11-04,5.569325726354533,0.0,101.80743146383921,443194.9305481641
2020-11-05,14.830204950188959,0.0,102.13170927819641,429522.4582840291
2020-11-06,9.274878812152695,0.0,101.92813428172113,442607.37885411456
2020-11-07,7.645962018293982,0.0,101.33313720827118,462799.61733306904
2020-11-08,12.980567087801342,0.0,101.55817638170545,491485.3686765296
2020-11-09,13.407062915790496,0.46808804726037034,101.07829105303334,437553.63941856363
2020-11-10,10.815521176009153,0.0,102.0265530393914,487335.54724445264
2020-11-11,12.117407831360232,0.0,101.39887049192873,438239.16452815034
2020-11-12,10.066288037228409,0.0,102.3089729186923,423916.23991393636
2020-11-13,7.512456060658722,0.0,101.58761587757175,400736.8901115356
2020-11-14,14.401678486707864,0.0,101.25231394043504,482398.3965534616
2020-11-15,14.771465031974296,0.0,101.8011886145651,449851.63569905993
2020-11-16,14.320404213432898,0.0,102.34414267388357,453739.4819815714
2020-11-17,13.767803424816707,0.0,101.99795291149981,420619.3110409742
2020-11-18,9.452422339019092,0.0,101.62833007927068,443597.80566197436
2020-11-19,9.657538593788063,0.0,101.28905950315357,440356.9236464141
2020-11-20,17.401199816119433,0.0,101.7842481148503,470588.2555120099
2020-11-21,10.893865195432925,0.0,102.35202302081775,513489.26286712853
2020-11-22,7.4875437830954,0.0,102.67963576702735,482062.7478240751
2020-11-23,8.562897504547132,0.0,101.87292345069152,458717.7421932727
2020-11-24,7.886490100513151,0.0,101.71151224388188,456529.3580669488
2020-11-25,10.56240627438798,0.0,101.30007972642152,417811.9918576187
2020-11-26,13.290281349866621,0.0,101.60937115689697,411906.2515922833
2020-11-27,15.549787748725631,0.0,101.05154544753726,457732.90309794305
2020-11-28,10.332581422458412,0.0,101.36443897652235,477600.5792794894
2020-11-29,7.045291285525975,0.0,101.62077682128015,479779.74161988765
2020-11-30,8.998371386104763,0.0,101.89052056926225,468875.888981673
2020-12-01,7.471313104014763,0.0,102.08980558958481,430365.3529017559
2020-12-02,11.473366743544009,0.0,101.23232790338447,443816.96810651163
2020-12-03,11.191573633428318,0.0,101.77757746010874,406893.10103114374
2020-12-04,13.649574709883607,0.0,101.9758845237434,429006.97852560045
2020-12-05,9.72344479299788,0.0,101.74400774740472,478101.0196347945
2020-12-06,8.940969420830278,0.0,102.22986582183451,483830.2732548482
2020-12-07,7.403795156456895,0.0,102.19567355598572,416747.76672904374
2020-12-08,11.195026842987282,0.0,101.75977325263713,418742.60110491037
2020-12-09,10.087503639417278,0.0,101.0738410213949,438577.7101324337
2020-12-10,13.268289338385323,0.0,102.09670958527445,448244.82911128737
2020-12-11,12.800484565889741,0.0,102.25522932113473,415101.5150976622
2020-12-12,10.320495261613079,0.0,101.92862724372114,495058.855596662
2020-12-13,7.270057541335008,0.5354909371525448,102.38672445537686,476035.58125534176
2020-12-14,10.604794611609,0.0,100.99963421669722,406954.12728369195
2020-12-15,14.445099230363072,0.0,101.84145123841051,448591.3628710705
2020-12-16,14.849599533161964,0.0,101.40849143409045,443342.9633492695
2020-12-17,7.109059871592976,0.0,103.00669790794896,422782.45435340004
2020-12-18,10.370914836734865,0.0,103.07219448735677,431929.94642743585
2020-12-19,9.683415623746152,0.0,101.62639425559003,464438.8900120948
2020-12-20,8.71376362874717,0.0,101.8277080628882,417202.78975459654
2020-12-21,11.362393525217337,0.0,101.84086473247552,425539.879281829
2020-12-22,13.267312728379478,0.0,101.01127319120596,426057.3185367228
2020-12-23,9.544011135511466,0.0,101.79485993251514,406897.16922909935
2020-12-24,13.265918418772497,0.0,101.76035874825592,413004.6715932687
2020-12-25,5.921230110943105,0.0,102.09900607357734,432843.7847992154
2020-12-26,5.330138834558505,0.0,102.04340495383636,449406.41507705033
2020-12-27,7.971161411842452,0.0,100.90059209401684,444560.54479981784
2020-12-28,9.487882687166488,0.0,102.2379908131243,422699.168888721
2020-12-29,13.828658713396138,0.0,101.93826397416613,429423.09656391246
2020-12-30,12.30517136790321,0.0,102.18385689408822,442613.91124038986
2020-12-31,10.389571667054401,0.0,101.15006879258868,409560.16408884904
2021-01-01,18.257798776098536,0.0,101.02445254414394,445280.4701043502
2021-01-02,12.82745766689801,0.0,101.68656447421034,512508.1307436941
2021-01-03,6.72065753505762,0.0,101.88232410767993,499524.5719392284
2021-01-04,11.929133445095342,0.0,101.95358560185431,446291.33051164105
2021-01-05,12.771611906081661,0.0,102.81909459057935,450538.9306640183
2021-01-06,7.4798484243406,0.0,101.54960088827806,414927.17882368894
2021-01-07,10.640831836828287,0.0,101.75625097365892,423576.3855751348
2021-01-08,5.49648495420583,0.0,101.22842216645802,448607.3209170033
2021-01-09,16.278463689120393,0.0,102.05114610461344,467204.6255973516
2021-01-10,10.358195768715792,0.0,101.50485996168834,462324.6452637365
2021-01-11,5.316280272485928,0.0,102.40794307415297,420734.8482167777
2021-01-12,14.312785744657496,0.0,101.29516608345287,399495.4193468355
2021-01-13,12.448797312710946,0.0,102.85694043475438,442562.29177015397
2021-01-14,10.27567121988283,0.0,101.68217530957854,417351.7446659004
2021-01-15,10.502606628715377,1.3448536636509851,101.09195165162849,439026.8885524485
2021-01-16,7.865368974811707,0.0,101.98449268241923,529433.9064338923
2021-01-17,12.038381812380068,0.0,101.47789640236336,488267.1146966063
2021-01-18,9.848678701073538,0.0,101.33594582780195,436395.4612044651
2021-01-19,12.126673371365918,0.0,102.25776731249752,429211.36153422465
2021-01-20,12.223365590816405,0.0,102.29782811145871,438056.80581801856
2021-01-21,14.883645957501699,0.0,101.39078590039391,419383.55203402776
2021-01-22,13.516881299308142,0.0,101.05251345149233,504235.21884360217
2021-01-23,14.860200259076908,0.0,102.72286546072029,481239.4474833563
2021-01-24,13.033094408063768,0.0,102.03275519301023,481536.1497067808
2021-01-25,11.303672738156337,0.0,102.06933461311444,462555.73182076606
2021-01-26,18.989929903072998,0.0,102.13314507046157,439692.4309585099
2021-01-27,15.46670419084256,0.0,101.94305716987351,428567.7243418638
2021-01-28,15.637042341474881,0.0,101.88576902596101,465005.7405902394
2021-01-29,13.854819427239383,0.0,102.50766569677639,474319.6559906342
2021-01-30,14.174293373384454,0.0,102.15139251313722,470455.9279178271
2021-01-31,12.044917962844579,0.0,102.07466847203501,477154.0242759133
2021-02-01,12.970024839093108,0.0,101.22892445810196,448743.0726029094
2021-02-02,12.770999171649285,0.0,102.09166632917632,450349.89684713417
2021-02-03,12.403149361233256,0.0,102.62327123514069,437189.7372270097
2021-02-04,12.54443318883561,0.0,102.06009459673868,404893.43653181003
2021-02-05,15.039494287176126,0.0,101.3714333445019,477218.0120312541
2021-02-06,10.695286548539588,0.0,100.69367759194328,493045.64277865033
2021-02-07,18.788898794876175,0.0,102.61253624502594,482470.9520861365
2021-02-08,14.946455210311536,0.0,101.63670378316401,455613.3298053713
2021-02-09,11.432908258941897,0.0,101.87270183619891,443676.14679721603
2021-02-10,12.210865903530744,0.0,101.91250556384777,455196.1804043852
2021-02-11,16.78407413938901,0.0,101.80191808847275,485469.6003208367
2021-02-12,13.237312234390663,0.0,102.75039660553372,446299.24429129803
2021-02-13,13.716667036434032,0.0,102.43746134255206,505266.33290227817
2021-02-14,15.13246771738436,0.0,103.03216159989756,479389.2548829016
2021-02-15,16.04571761628482,0.0,102.29764477413703,470010.80953925767
2021-02-16,12.770270546290806,0.0,102.03980504791252,465499.15961051174
2021-02-17,15.99283201905153,0.0,101.54247683392977,410839.6553044388
2021-02-18,13.264825072150128,0.0,102.8875097355335,461305.56444701
2021-02-19,13.875332103761872,0.0,102.79504960144885,468320.008858651
2021-02-20,17.227103649176627,0.0,101.91003582372244,506582.5186948889
2021-02-21,19.191196400205627,0.0,101.69187842957953,562274.5549046816
2021-02-22,12.818688401977482,0.0,101.85288874286677,435154.07258362405
2021-02-23,10.443461628761519,0.0,102.18337628928037,445339.9465381847
2021-02-24,8.143740210326781,0.0,102.26453643779188,468330.0862164425
2021-02-25,17.601895306070418,0.0,101.71836291302628,502193.6302883726
2021-02-26,18.292010351780476,0.0,102.19546874628925,484403.7781278912
2021-02-27,19.24772351293859,0.0,101.70031005950766,488845.9806019443
2021-02-28,16.959835810968674,0.0,102.66052113543732,549435.3353093772
2021-03-01,9.806500531292247,0.0,102.27933169696799,436547.10527181317
2021-03-02,16.261860244851075,4.883222523188792,102.34695051223044,465145.0853122249
2021-03-03,13.172313373390626,0.0,102.98287765743673,498183.5528636075
2021-03-04,13.782719722093727,0.0,101.69854111008866,518364.59490484
2021-03-05,13.772179663491904,0.0,102.23614371658863,495525.4771648903
2021-03-06,20.410179418533577,0.0,101.81416298245574,534785.9450516944
2021-03-07,17.728459993086084,0.0,102.09928385106359,545049.4329927462
2021-03-08,20.30686345055446,0.0,101.26387177628925,527328.6328818351
2021-03-09,13.67846740295461,0.8291882467947833,102.16073081887413,499052.19057115103
2021-03-10,13.324632768230781,0.0,102.0225836919934,492942.6839466124
2021-03-11,18.77646264843719,0.7202032165121511,102.39979505451377,508179.97522028233
2021-03-12,18.203290068866046,0.0,102.75188469693086,467735.89948280784
2021-03-13,15.758836828979968,0.0,102.3943814483441,589621.6203775232
2021-03-14,20.65420348954592,0.0,102.05527333967211,521992.2268866237
2021-03-15,20.37840166461351,0.0,102.39878658470276,492189.6366769485
2021-03-16,16.75242684330544,0.0,101.74215630018686,458901.1517049417
2021-03-17,20.054981664917218,0.0,101.48649626462736,527555.8046586197
2021-03-18,17.430266854025902,0.0,103.11467411943572,477276.63277523895
2021-03-19,17.52577603674261,0.0,102.43800908729212,482842.2294703505
2021-03-20,18.60687530703705,0.0,101.66630234551802,611322.7248655002
2021-03-21,21.647692389504943,0.9477166979690377,101.99258804663778,520393.2251215679
2021-03-22,19.604654581851506,0.0,102.2670885714753,423337.5537001047
2021-03-23,21.57106476736399,0.0,102.2699730230555,527046.6049863022
2021-03-24,20.549268357840358,0.0,102.67701288126351,528395.5312597372
2021-03-25,24.39490066027786,0.0,101.98810931588068,530711.5137215577
2021-03-26,21.187472854755192,0.8841811981083354,102.8148725344818,451145.64345832734
2021-03-27,18.835773578742796,0.0,102.81499649201535,539978.4662372395
2021-03-28,23.20019915455114,0.0,101.94971729041977,540061.0714631263
2021-03-29,23.962644018305777,0.4818731394087311,103.21628812422455,482879.3758445227
2021-03-30,19.74676266959621,0.0,102.07675660338302,535560.4474980872
2021-03-31,22.96696525876805,0.5457132948954302,101.70330345767765,542493.1460004535
2021-04-01,24.79217434565853,1.4748392980978675,101.34850108475487,522345.7300305458
2021-04-02,25.295487318917502,0.309605448800078,102.623685853806,546101.7836979058
2021-04-03,24.215494331728205,3.111820854951901,102.23505742236868,536438.378501073
2021-04-04,23.703629443801447,0.26377960829622016,102.83657219609579,591208.2814600884
2021-04-05,15.378000838161284,2.581074976253087,102.16907775722103,548905.0470915784
2021-04-06,22.53690041053652,2.5517036554762798,102.62748729416697,557582.55255016
2021-04-07,28.340575956994343,0.0,102.78245203737477,530742.5068100052
2021-04-08,16.5871635714779,4.934509829894165,102.30258321734281,483241.6002495378
2021-04-09,25.29101327759469,0.0,102.22286573186022,562298.5300287412
2021-04-10,26.707746662757746,1.93470599843339,102.3684829439269,592065.5058226559
2021-04-11,18.205741014045916,0.4946606885719734,103.18357210051884,547621.9341387621
2021-04-12,27.34808229142743,0.0,102.29634155602344,501001.3957384901
2021-04-13,20.50456027469728,2.4302910400582753,102.64981223969035,543564.8060832262
2021-04-14,27.36448630218239,2.8759935633204075,102.3686316869149,541764.3190434175
2021-04-15,21.27798203465545,0.0,101.91676823397108,544939.3569093676
2021-04-16,28.865787945298123,0.0,101.66339352234253,525288.9767374612
2021-04-17,19.989861628808676,1.2701852752416145,102.13111959220412,562128.8738982907
2021-04-18,25.25438121387175,0.7552713573192532,102.5559197079984,610605.6386363893
2021-04-19,25.376319990332643,0.0,101.95338387562045,575135.0414099934
2021-04-20,27.36887108024715,0.0,101.8212477094127,580540.0831276163
2021-04-21,27.050368662023647,0.0,102.89003883340659,571047.8890449106
2021-04-22,26.40303079627576,0.0,102.18758138543427,605393.2336211411
2021-04-23,25.50811305554781,2.049618397574718,102.57054335209725,562487.9317212619
2021-04-24,24.36486344488356,1.6130153532179408,102.6192161851618,601250.6277502346
2021-04-25,26.33954309693735,0.9063851367835055,101.83382417401107,596409.5951155594
2021-04-26,30.8369380690288,2.6469721626041167,103.42624135829647,595213.0996915858
2021-04-27,28.36635456530626,0.9126746653538518,102.8272780651095,580168.7603638269
2021-04-28,23.985400492147257,0.7822122003447575,103.50575897752093,556291.137833195
2021-04-29,31.061799359398925,8.654381939688916,102.86275596025247,558332.5473668866
2021-04-30,22.149424453875135,1.8932801255153373,103.0989615681667,580972.3440682865
2021-05-01,24.192759785221376,1.8051611918180406,102.74686576269464,637500.4649976238
2021-05-02,21.459252462231603,2.1322870607273328,102.82742567293396,632181.5555928242
2021-05-03,26.048095495011854,3.3803274605926625,103.09643817266449,526816.4543954999
2021-05-04,22.020660449621374,0.0,102.41187185357238,591457.6940126432
2021-05-05,25.82940105628702,2.0392181887114056,102.34702458440918,560439.0625812786
2021-05-06,29.492265620117447,5.03754668389987,103.57239777655198,526548.0558936435
2021-05-07,25.134902602582002,1.893566236247286,102.97470595396102,536292.0637767466
2021-05-08,27.75749251297341,2.4811997562640156,102.54326794495601,601125.2896340243
2021-05-09,24.210429565650735,1.5667585712945509,101.64208946875468,633488.8160812241
2021-05-10,30.72612610274698,2.0005375896936575,102.99450172309409,566783.9701188086
2021-05-11,27.31394581258048,2.8696617138469183,103.07944730463511,566777.9877633722
2021-05-12,30.99375544203789,0.47520563796768434,102.91493951481972,575454.8264335075
2021-05-13,30.671038475047236,3.1710747709122833,102.54206780184175,612291.2604268559
2021-05-14,24.70073294337141,3.1195268662855433,103.02009508979123,538326.1083818176
2021-05-15,26.859501979970368,2.5407079954887775,103.23581762156107,658112.5863483483
2021-05-16,24.473849048789738,2.995837334679638,102.39869013180443,580141.4845576215
2021-05-17,27.656919016848136,2.6633979944690958,102.05023919141505,584117.7531576961
2021-05-18,27.96422023148343,2.943460225363733,102.82089791739442,583512.2019429541
2021-05-19,22.218183105939133,4.521268508102631,103.70567685102992,571564.7213477262
2021-05-20,25.979137037289817,3.709970653556154,103.2833803147175,561146.1117406107
2021-05-21,30.317622054268952,7.32148177910581,102.61347307906965,539985.1379133916
2021-05-22,30.05585908093187,3.494948075401758,102.72086768353445,634790.0397985687
2021-05-23,20.7828393322675,6.77765813866515,102.76963398264651,585805.4223400297
2021-05-24,35.002288720778495,4.391856429330531,102.9383755144936,625170.5270985172
2021-05-25,30.10927833335084,3.88455569849571,101.76072289900964,560938.3731261037
2021-05-26,28.3501221950259,8.848219150775867,102.76414227638405,592625.3754079167
2021-05-27,28.584322506730672,2.9181130941270848,102.79336707683392,578778.0237771783
2021-05-28,31.751880814718284,1.428279036680101,102.91612284004054,574311.080208016
2021-05-29,28.690527260851578,3.0696362508875477,101.88765156236028,648988.0376389473
2021-05-30,27.429331744702324,2.5999414783963744,102.73811698559769,617096.6545263097
2021-05-31,34.6807666519072,3.5623077501167972,103.16283926794665,550977.8112297002
2021-06-01,28.848725867288763,3.893041296854131,102.9769208973747,618505.9427517509
2021-06-02,33.697694399369624,4.367464969662524,102.89014315227259,618278.7410722261
2021-06-03,30.789081826319254,3.1438137447178818,102.49348623887414,595108.9433732026
2021-06-04,30.06146489540758,3.937927145811215,102.95802874642092,586163.8599849088
2021-06-05,34.754943781872505,5.177043741299332,103.79727198318145,674681.8979044943
2021-06-06,29.421236653862895,2.9368646817077186,102.44671963399074,617465.0312567252
2021-06-07,26.47002324712276,4.522730176144404,102.88392321118761,595910.7883467389
2021-06-08,27.05326230437588,5.766536321049172,103.43586063584252,588366.3354777974
2021-06-09,32.59106282185034,8.789466094355172,102.17626658079624,602321.772907309
2021-06-10,27.39085575426828,3.725924932570058,103.12445134245701,538605.915485742
2021-06-11,32.41648051091009,3.145171649524642,103.25474109393583,610680.6302338337
2021-06-12,27.049663049493425,5.853336716474332,103.07883083373183,578193.7032724192
2021-06-13,30.207017826241614,4.1947527579021875,103.24495554360698,628425.932313666
2021-06-14,28.53365155694499,5.141109204082824,103.29355897367222,590990.6528977039
2021-06-15,26.908220949371103,5.183258371865457,103.0876744825232,611421.8367487629
2021-06-16,33.21779539379194,3.2857907775459805,103.23735966248192,628217.4957664543
2021-06-17,31.14419462673903,5.6942745092371805,103.4152853692695,586917.8141454086
2021-06-18,34.893933111250696,6.390963275936354,102.76177879330683,623180.0298977081
2021-06-19,27.54216523909973,8.016979647105384,103.12689163343707,562945.2261827963
2021-06-20,31.876379557000295,5.583081412754302,102.91557672287755,612408.334255298
2021-06-21,33.56784578595718,5.897720865599586,103.93552364156457,583256.4638942466
2021-06-22,33.030175961704025,6.435122905785712,103.57524928648952,629399.2099482404
2021-06-23,31.67795771937164,3.9000823657183283,103.44169351349419,598713.2226505192
2021-06-24,31.54912443516317,6.135294308154656,103.17840965526928,589833.0534031385
2021-06-25,30.09805050414433,5.385675343590188,102.42496841803019,561637.9888297482
2021-06-26,24.987991198507302,5.388014143605733,103.85988084013186,679442.8812551158
2021-06-27,28.53648384090445,5.819611508635078,103.08523897998825,605580.638113303
2021-06-28,26.520839462974678,5.510976646308589,102.91007572358325,574855.1877901438
2021-06-29,27.20186878356688,5.901631808247229,103.12547700918961,594010.7460688957
2021-06-30,29.76062478930481,5.376270134636299,102.91326829682365,558239.3409283126
2021-07-01,30.860670763999302,5.244429044786558,102.90713378796481,551685.5355971355
2021-07-02,29.26824521161132,3.6132454999522388,102.88755863795471,572276.7884403071
2021-07-03,29.577473511288936,8.64181434668185,102.41963340011394,592683.9001176497
2021-07-04,28.262466797635188,5.4966296440370295,102.79875903050272,631314.9278586567
2021-07-05,31.467595898673412,5.260774703377095,103.01668577832527,548932.9794361804
2021-07-06,31.357457671090906,3.200381113452614,103.15620051682343,553371.9370829732
2021-07-07,26.093774129475136,5.009926180969809,102.99584598710415,516125.97853758174
2021-07-08,29.298866252688104,4.162988223339117,102.4562346649796,505285.2100483072
2021-07-09,31.113245132408423,6.63988515755444,103.29578543301568,583503.6045546747
2021-07-10,30.61335655421462,3.0722551739079833,102.46815941691891,620880.9465831593
2021-07-11,34.48150884968758,4.9249061608308615,103.68937309750932,634379.0530201574
2021-07-12,32.166448195296205,4.631386407371427,102.80843410259175,516097.82169064594
2021-07-13,27.773342267490836,11.389711595847668,103.20807879663262,531345.7907735567
2021-07-14,28.12762587743307,7.674617949642066,103.23050451192135,523950.2371707648
2021-07-15,33.542489631681455,5.507999016314155,102.79384780277007,546174.082640405
2021-07-16,27.21583614719656,4.4369653107196685,103.28406119186144,563085.5414672899
2021-07-17,29.1670436266474,6.350598904992533,102.83330388944088,657823.0102032643
2021-07-18,29.235529730522565,4.111444280483155,102.83944273280957,641160.7016608018
2021-07-19,25.499952114792208,9.769714370020605,102.69134714166886,533544.2102292121
2021-07-20,30.328492577087346,6.159711744197037,103.04532969226148,531509.1805434496
2021-07-21,26.49502996242474,4.6540298009325225,102.65356808433613,541277.9580768746
2021-07-22,29.427323270876055,4.711954832072958,103.9229219947107,563313.6734665905
2021-07-23,28.326059338629545,3.667441349277278,102.86987978679392,607068.6273674006
2021-07-24,27.21226370520633,5.702465833012804,103.20922396147951,550116.5008194875
2021-07-25,30.576515022357707,5.056650256039647,102.81877100817407,616717.4244742987
2021-07-26,28.343018678685553,4.30689138333552,103.00605589402869,570589.9564016933
2021-07-27,27.93717070711977,4.472933024673919,102.8704557755523,568814.3154958287
2021-07-28,23.419494837856906,6.476182141300294,102.93595869983602,585794.3514846856
2021-07-29,26.259960399817352,5.102313050409356,103.54359990637728,525617.5492333235
2021-07-30,29.987166166801522,4.829851730092616,103.22118558665193,595533.0258120524
2021-07-31,25.492416741515033,5.431715005199167,103.43044775251717,615010.4746065949
2021-08-01,29.62203872919381,3.1938254423711308,103.61791701425449,611630.2844636035
2021-08-02,24.75508658618485,12.192560399905158,103.62695751977694,592899.2561096845
2021-08-03,25.494503091277227,4.361058586061835,102.78444039281314,516872.07798748295
2021-08-04,25.78261722804313,3.4011484340304494,103.36215235860558,527352.0948151348
2021-08-05,27.32289390467786,2.801978419255436,103.80871641827781,588160.3185673316
2021-08-06,28.344533966987004,6.003287518612168,103.49435777025354,571153.9385702707
2021-08-07,28.7260595758477,3.326087065633061,103.68300648327254,610976.291796407
2021-08-08,30.0997643369614,3.7200691601615308,102.95801807277157,579723.2204457305
2021-08-09,30.233354963265356,6.758657225629393,102.31780180560729,552145.4636698388
2021-08-10,20.69660027778559,4.250701447833206,102.62918308989819,533068.9767902235
2021-08-11,26.66925122546428,3.266708541781638,103.871150763181,533627.0506191506
2021-08-12,27.79665026696666,4.429954874177383,104.19960418992741,574825.7333581516
2021-08-13,25.379669127481993,5.042978361295433,103.18913813989242,542754.2417489574
2021-08-14,22.50114969830119,14.429314906284674,104.01428768072567,612360.7582579266
2021-08-15,25.968010190971007,3.874795939223443,102.3895236433839,612367.9607772105
2021-08-16,25.41241239961125,4.487509276846401,103.06048488976823,590281.9959125641
2021-08-17,27.136772102287214,4.373781845677542,103.81423214042704,531907.5596665799
2021-08-18,25.041362822256886,5.2587794779752,103.85526758838276,524114.4080725172
2021-08-19,21.94166865264075,4.499940293650887,103.90099405424812,534986.6076414038
2021-08-20,23.361199153949258,2.523113425335033,103.08397200239386,575321.4182687849
2021-08-21,19.26924635533686,3.3799675467815606,103.46332106127734,646843.0827460611
2021-08-22,24.647096561735594,3.1975659185921383,103.52764030858508,566507.5965743373
2021-08-23,24.7522664255113,4.100094985395156,103.23908629519474,515166.3761999179
2021-08-24,25.22169981102068,2.6869512280594567,103.0188221784705,546136.3017315216
2021-08-25,26.4105702038091,1.4836914993106007,103.51933939435933,561257.5329601897
2021-08-26,19.426480539538453,5.07591707035516,102.78864746120804,471495.73760248424
2021-08-27,27.42515682281985,5.702369181615353,103.14037079774411,517467.4108352353
2021-08-28,20.194949270706648,3.0541967322624437,102.57726002484412,587599.0934158699
2021-08-29,28.89961533977079,3.3004545117731285,103.5168717119031,583341.3978616261
2021-08-30,27.585257293794374,4.6461404040664664,103.44686508314678,569757.0909723302
2021-08-31,21.113113291444897,4.968422377479668,103.20200552454112,522949.938251879
2021-09-01,23.605049036131337,4.33791800894736,102.37337255375826,487641.1665356117
2021-09-02,22.428150917058957,3.324938318512912,104.53761412157242,459831.4240538435
2021-09-03,24.839906240304312,1.1812845268844343,103.32088598419459,548526.8828367605
2021-09-04,20.06398139627126,4.155414735217638,104.04705462698385,556872.0772123887
2021-09-05,22.70970164326102,2.4687894680314346,103.01452325775476,586747.9273060808
2021-09-06,18.44300460881476,3.305946675518645,102.26085808069219,542196.3703852008
2021-09-07,21.17130257143921,2.322641729944901,103.58502422408834,530052.2964087068
2021-09-08,21.403672032866154,1.8655994065828145,103.92049406185522,570161.7085755881
2021-09-09,20.366913424374143,5.50476646328397,103.64735027451476,497058.50619973504
2021-09-10,21.22998686458228,3.2592662559979395,102.45267464516058,542623.616448311
2021-09-11,21.69631290769333,5.048724746253577,103.36834216286908,552908.1698209486
2021-09-12,16.114322848232817,3.782595107824492,102.55165291778015,558405.8072036657
2021-09-13,18.078676538706937,3.1452685430666674,103.84755864166547,455326.2668159258
2021-09-14,20.668844118088224,1.5305497601656617,103.13437216773413,532721.4117960674
2021-09-15,22.70175778948909,1.5065196400203567,103.3800557998942,494744.78804537834
2021-09-16,23.149134879899634,2.0816489311598514,101.98750244562542,497659.3958875433
2021-09-17,17.335778715207802,0.2659884031617763,103.5726886056964,486540.0001182761
2021-09-18,22.10482919082468,2.8549996829236095,103.04903226113831,517869.24939967744
2021-09-19,25.201791796636417,0.9425188158343186,104.24172065864455,550059.3131869534
2021-09-20,21.51106252903213,4.862923892295653,103.30717380015682,507444.8421164312
2021-09-21,18.356064632310392,2.378384827835546,103.72730011426685,527309.7815616127
2021-09-22,18.465074425510387,5.3536440690541705,104.17536586891566,462303.95537786564
2021-09-23,18.2896430170015,1.204223509790268,103.92673850270964,553563.1188499273
2021-09-24,18.019044457963922,2.040137298600442,102.82879914447474,539814.5626259209
2021-09-25,13.568470700538471,0.4602083995267233,103.3053233534714,562595.7389109855
2021-09-26,19.461068924000585,1.5866594842295232,104.23188526106618,562507.3103169082
2021-09-27,20.725065019067703,4.3664500490605045,103.27615247506468,506867.58672564407
2021-09-28,21.26914589405998,2.6816818701469867,103.87612812858762,539995.3035615984
2021-09-29,13.42438493101674,0.38435080169422486,103.87838373291272,472449.933753158
2021-09-30,20.08059886845888,0.0,103.66141699640207,479662.8540263384
2021-10-01,15.515134901147286,1.988754572649319,103.42064356847551,500631.6539703582
2021-10-02,16.936947126371265,1.2297927311014776,103.56870575131735,534072.3142941247
2021-10-03,22.04929094868063,0.0,103.64593559871379,554940.7017185756
2021-10-04,22.418856295675692,2.43420555770381,102.70769421595601,510649.67779633973
2021-10-05,16.867450802699047,3.6778667262899325,103.66210589267918,432386.06731827033
2021-10-06,19.029951107726383,0.609750362762151,104.14433886634546,523731.8445304707
2021-10-07,16.708423076487293,1.1130786448976133,103.88515951528052,459980.93757633073
2021-10-08,20.529255029826334,4.484218994473334,104.14696712833279,445129.81966958265
2021-10-09,10.818395362522427,0.9608320909533425,103.18997142007498,532225.133212036
2021-10-10,21.171777420058767,0.0,103.11754446735553,575738.763991344
2021-10-11,19.91587799670558,0.01604086102163496,103.88550107207327,559198.5719926823
2021-10-12,16.54271123137817,0.0,102.80616656596041,517938.0409467055
2021-10-13,15.09606135249039,0.0,103.57677330146545,489331.9244250888
2021-10-14,19.135583752282898,0.0,104.23662874772108,496765.1493892428
2021-10-15,12.151128476601581,0.0,104.20674095915025,507754.26721848414
2021-10-16,13.240037593262489,0.0,103.7176926379587,498773.5070621644
2021-10-17,18.765433334954373,0.4287318806797178,103.61493808058924,556089.8077838939
2021-10-18,17.54543977866208,0.7736343707540841,103.39084099347077,433290.83551012527
2021-10-19,18.294867828229474,0.0,104.90357674077258,469206.16132875887
2021-10-20,12.449404052635682,0.0,104.22209743518135,528911.2297639089
2021-10-21,16.83308487707561,0.0,103.63626879872884,461206.84809177724
2021-10-22,11.43769581828644,0.0,104.06125410648588,476471.6842168251
2021-10-23,15.604173734003234,0.14621426296433193,104.348506401674,486749.89843227336
2021-10-24,10.327843159425793,0.0,102.64161967439338,527834.6018120919
2021-10-25,13.160792459002396,0.0,103.1467640538593,493661.3521243644
2021-10-26,11.248926324674347,0.2385728577784212,102.53744393665933,431356.7054827958
2021-10-27,14.658560361201205,0.0,103.37428375105944,461508.73479530966
2021-10-28,14.103432826159947,0.0,103.1001441092869,423537.3856137321
2021-10-29,8.351055541313027,0.0,104.67884778407296,445096.57223475736
2021-10-30,14.117199266725768,0.0,103.64933120639179,478841.0808407341
2021-10-31,17.821181421568333,0.009837578195769359,103.27698792745912,500866.861649591
2021-11-01,9.985862479611704,0.0,104.78182481566394,489627.7709662394
2021-11-02,13.84951726203429,0.0,103.79735310340904,492423.15676595666
2021-11-03,13.458239916933863,0.0,102.9220436049441,436936.4162724368
2021-11-04,12.741307334426738,0.0,103.3380031231335,459372.64682205307
2021-11-05,16.449479750132383,0.0,104.26936833558393,472080.98094544566
2021-11-06,10.602795952178045,0.0,103.94539942363427,436452.5997025705
2021-11-07,14.652285834228651,0.0,104.4226169270443,503059.33135354926
2021-11-08,10.721629572413242,0.0,103.1063166260463,483309.3942079972
2021-11-09,12.773793196866366,0.0,103.09797168226093,437989.3614743897
2021-11-10,10.44655344465734,0.0,103.91282960077427,477754.00335290824
2021-11-11,15.585054787087552,0.0,103.97763346217593,479742.5109762027
2021-11-12,13.454662642684388,0.0,103.78705165294393,464117.5299059542
2021-11-13,7.919608743501016,0.0,103.12263165242666,493776.4846298015
2021-11-14,12.28740375164393,0.0,103.00022282331484,492821.2854680917
2021-11-15,9.974820459627596,0.0,103.58418788564853,435548.97868543974
2021-11-16,10.223362016958447,0.0,102.31894014776522,483858.1098038564
2021-11-17,14.829026372357305,0.0,104.63715288565156,495147.83597911766
2021-11-18,11.94171396704498,0.0,104.84675525733955,463215.9320363389
2021-11-19,9.919091887349802,0.0,102.9817438112423,441942.21146410017
2021-11-20,12.254541647590298,0.0,103.41150063322296,489338.86853258224
2021-11-21,7.873067361106021,0.0,103.63114703267503,481299.95608521235
2021-11-22,8.100994709383329,2.370828530588546,104.58252839264955,446444.3457770445
2021-11-23,8.280885287101203,0.0,104.07115917162426,428197.77356328024
2021-11-24,12.513511711783748,0.0,103.37994288626577,411377.9877871031
2021-11-25,12.414262471671845,0.0,103.58342596654902,410255.835756301
2021-11-26,11.804837143909547,0.0,104.45035841268184,423655.1494713261
2021-11-27,15.904542122406639,0.0,104.01543969851494,495721.7439631306
2021-11-28,11.182813866363606,0.0,102.74618668498297,504099.63494381745
2021-11-29,11.113426337005954,0.0,103.35630758900115,430153.5099749955
2021-11-30,14.686706104296821,0.0,102.946628493437,414334.70857834554
2021-12-01,15.018252157100033,0.0,104.91602259458917,481067.8222847476
2021-12-02,12.509148041118188,0.0,104.03915802795137,471034.15774774156
2021-12-03,13.05972756913554,0.0,104.20783776909576,458201.0113054627
2021-12-04,9.587044821234796,0.0,104.7897538148305,447259.340001196
2021-12-05,4.7861075484389435,0.0,104.38759368213374,454293.4650002506
2021-12-06,10.478548530036521,0.0,103.83969753069744,406835.57735213655
2021-12-07,10.944996348052653,0.0,104.1916041071844,381864.85530014697
2021-12-08,10.095691006265735,0.0,104.37563248471831,440454.37241661263
2021-12-09,13.935750143436993,0.0,104.07355451251846,442561.58911186736
2021-12-10,6.3355791909443795,0.0,103.51110781046472,406129.56456219323
2021-12-11,16.492271759109464,0.0,103.56188154466983,486573.9099875731
2021-12-12,5.625637644687006,0.0,104.59852470995347,503848.65251368826
2021-12-13,9.749063492500989,0.0,104.56531600257527,460821.00251585804
2021-12-14,7.131980429825626,0.0,103.80301664512507,439903.1083818374
2021-12-15,8.614455151334182,0.0,104.97187613015242,436263.8435148349
2021-12-16,12.36932107749321,0.0,103.54923270025468,396850.7843926205
2021-12-17,11.691866176430294,0.0,104.30466988193112,452043.23407350545
2021-12-18,7.048142403076662,0.0,104.22942672440675,513206.66820774204
2021-12-19,10.067912220009317,0.0,104.91839865647565,457975.7903539512
2021-12-20,7.497036643278328,0.0,103.55850469943216,415423.18272832053
2021-12-21,10.329893099359124,0.0,104.19156255640159,440056.28609480313
2021-12-22,8.988926653649916,0.0,103.23233322918196,404298.8190522091
2021-12-23,9.944799415820762,0.0,104.48718433059939,422472.8923362344
2021-12-24,8.892383291367956,0.0,104.20172978023189,445136.1301893928
2021-12-25,11.372218426471488,0.0,103.43614372422239,504777.81147656095
2021-12-26,16.716383820043006,0.0,103.82896114567127,465103.77448682085
2021-12-27,11.1937566197891,1.5249847611124687,104.61098753296066,403579.1026262371
2021-12-28,12.290167557372419,0.0,104.42869341096642,428389.57137133414
2021-12-29,11.32703026917134,0.0,103.45438955187296,450734.68935810006
2021-12-30,9.95537746668743,0.0,104.6273930439512,435053.7931266972
2021-12-31,6.821889712984033,0.0,103.36485517494567,433624.69066024944
2022-01-01,10.496771755001726,0.0,104.68051575677406,478317.1205456014
2022-01-02,11.861155374966424,0.0,104.65755874857389,509090.6763522114
2022-01-03,12.918159030545993,0.0,103.94363157271121,417503.1141504619
2022-01-04,10.5631022240665,0.0,103.60158386055491,416438.6462503155
2022-01-05,9.970020567709014,0.0,103.55409356746138,427675.2286759515
2022-01-06,10.511891852518133,0.0,103.35307370906334,405692.26073383196
2022-01-07,11.335124026219587,0.0,104.08428451561745,461439.5557341491
2022-01-08,7.133585543434504,0.0,103.99158931092362,475678.2056509799
2022-01-09,13.591044682475468,0.0,104.7875986623652,479426.2976195842
2022-01-10,12.195264024329612,0.0,103.49375167969103,387330.04960484407
2022-01-11,13.301667123726899,0.0,104.54753852911249,406879.22278932174
2022-01-12,10.785161108795025,0.0,103.87596407301791,435902.73852178606
2022-01-13,9.750175216331037,0.0,103.7531922977391,449909.8554249003
2022-01-14,11.898174903151515,0.0,104.13312770444928,419510.09798475984
2022-01-15,7.306545332635036,0.0,103.82885845792359,489407.2732871507
2022-01-16,14.842125955313577,0.0,105.07968433692601,480478.91800195863
2022-01-17,14.578043088347153,0.0,104.27179240815397,446846.1694489925
2022-01-18,12.210857003714654,0.0,104.26289604405383,409560.96479834936
2022-01-19,12.194247923336103,0.0,104.47675665680116,434978.2232190156
2022-01-20,14.421459328126895,0.0,103.75905005054224,429974.5641350668
2022-01-21,6.1922895459209215,0.0,104.61570434560682,437137.02513594093
2022-01-22,11.549765768914803,0.0,104.0861855104344,483830.80551813595
2022-01-23,8.564296747867024,0.0,104.32517233248106,469071.4720545698
2022-01-24,12.332187050184354,2.6979472675681455,104.46572380924505,429756.88428032113
2022-01-25,12.65999449028216,0.0,104.09612134965128,455217.41280978784
2022-01-26,9.010120591471242,0.0,104.65030910653832,399986.8822973163
2022-01-27,13.558680484042435,0.0,104.91251828820094,456773.5308446819
2022-01-28,14.57201035096138,0.0,104.08491354559585,437683.3956167221
2022-01-29,10.799178921748922,1.4387873941236806,104.13380636815751,500289.50214991916
2022-01-30,14.092696606367987,0.0,104.86392367684444,490859.1114238287
2022-01-31,16.125678308543154,0.0,104.35167954257221,479547.9173142686
2022-02-01,8.901477649492005,0.0,103.73277170248585,442265.4876423205
2022-02-02,16.480344018098606,0.0,104.08442471134018,452928.8801421652
2022-02-03,10.54335235979267,0.0,105.03352555454224,479324.06498316163
2022-02-04,16.281792006155534,0.0,103.97245502969656,473288.66920625296
2022-02-05,17.021429381892634,0.0,104.05768467768458,506449.1112803079
2022-02-06,9.071937776876384,0.0,103.9780032822214,496182.6327265945
2022-02-07,10.203484655209168,0.0,104.41150372670656,499181.6758862302
2022-02-08,13.93704360076026,0.0,104.02227192738728,453891.6517516593
2022-02-09,12.91059049928641,0.0,103.89336065849201,490929.92281529045
2022-02-10,16.633178583343458,0.0,103.50234902743453,461518.1819919505
2022-02-11,14.823885027769787,0.0,104.42304998579503,467188.5379492302
2022-02-12,12.328593296775207,0.0,104.35153050212755,536609.4901229114
2022-02-13,16.27402347462133,0.0,104.86122468485098,516874.39601966145
2022-02-14,17.91731526590516,0.0,104.98804141685974,495337.7993720055
2022-02-15,15.767009040945993,0.0,104.23475496932845,460480.8412075927
2022-02-16,12.960212330653865,0.0,104.96533946978845,442243.74475391366
2022-02-17,16.52676957000262,0.0,103.98107755860758,453643.6009337117
2022-02-18,14.566904485583931,4.658646653996678,103.8718546637792,393881.28153189423
2022-02-19,15.244622095347474,0.0,104.14637635493187,483028.5905952156
2022-02-20,14.427683236504485,0.0,104.80539801690189,541334.0819804845
2022-02-21,11.829313409427233,0.0,105.09026111260357,496781.10214073886
2022-02-22,9.939206606148167,0.0,104.16183889679556,457651.0753804399
2022-02-23,16.812465334838585,0.0,104.92450722685531,485333.4740434207
2022-02-24,18.39100554118906,0.0,104.18340068613409,495512.814717381
2022-02-25,12.363173674588227,0.0,105.44557863978608,501847.3267488294
2022-02-26,14.40392149779489,0.0,104.91760501188533,542612.4496480939
2022-02-27,14.110267948800583,0.0,104.53146630016403,541219.8759098719
2022-02-28,11.397181272313539,0.0,104.18696954346905,467742.8707711573
2022-03-01,24.08189916939812,0.0,104.17756585973518,471092.7275520893
2022-03-02,17.832108299557945,0.0,104.42031416666795,497872.74219309684
2022-03-03,13.129329021411298,0.0,105.06876340730132,535001.9731460086
2022-03-04,26.573263796441076,0.0,103.68699451280202,504802.87277937436
2022-03-05,15.716512364973553,0.0,104.0186561976646,596649.0900212565
2022-03-06,18.778747084153515,0.0,103.3719204538725,546223.7231936865
2022-03-07,11.381438788490644,0.0,104.42474832929672,488079.67217450845
2022-03-08,17.463919877727186,6.200596642243577,105.61116659118247,491602.7658547153
2022-03-09,17.650429520854335,0.0,104.17730781384998,518411.7807103978
2022-03-10,18.18689838191263,0.0,104.48621226399487,488797.76937913464
2022-03-11,21.820863578206758,0.0,104.40221715159397,496369.6754188156
2022-03-12,23.511698762423805,0.0,104.09910872497264,554267.935176844
2022-03-13,16.284676825040652,0.0,104.58435888003828,587600.5932066503
2022-03-14,15.606073817169973,0.0,103.87417860263271,433768.4353122984
2022-03-15,16.541543746319952,0.0,104.89223279011908,512004.67982819176
2022-03-16,21.921539614642548,0.9605808868091836,104.55736203156167,542423.6796885743
2022-03-17,16.491065045831334,4.6595390030833315,105.1517674271519,452391.15958212997
2022-03-18,20.190110215623214,0.0,103.96256192605712,521310.78899736056
2022-03-19,24.042607210016833,0.0,104.64254032930957,601445.0346487585
2022-03-20,20.57887017636652,0.0,104.86558734381492,608403.4762967544
2022-03-21,17.257156067610076,0.0,103.7206109983338,512021.3745484648
2022-03-22,18.834184612599124,0.0,103.90843383636465,516945.35322885826
2022-03-23,19.47386828731696,0.0,105.34007147601851,478311.2945998465
2022-03-24,24.44934616210196,0.0,104.5462782349215,508631.1625367228
2022-03-25,20.06918056305347,0.0,103.96275589821336,562553.256921558
2022-03-26,20.518619104966902,0.0,105.02657576370817,608253.1950951967
2022-03-27,22.978407843444366,0.5981495005728608,104.0331956062027,549345.3510383242
2022-03-28,24.837737717474496,0.0,104.42889008320704,542917.3950293806
2022-03-29,24.8099444729922,0.0,103.99262870047396,592471.9998455546
2022-03-30,19.020218193217964,0.5226010591364048,103.904691027335,525130.14023073
2022-03-31,18.236912607003987,0.0,105.38824365678444,565494.3171410456
2022-04-01,26.973290720128286,0.0,104.43020708941319,544433.4448176887
2022-04-02,25.260756620384743,1.5044888070758562,104.52944606204817,599779.8661405313
2022-04-03,24.891632636174087,0.0,105.23208789241998,615014.334430439
2022-04-04,21.99291455180105,0.5897850270150778,104.7629322678742,538937.598038326
2022-04-05,21.007476106489502,0.0,104.1915089327573,541052.7890530695
2022-04-06,16.121688948023866,0.9758586198380216,104.84335209154095,523276.1349921223
2022-04-07,20.93342575060287,0.0,103.65477881659322,544737.4937334363
2022-04-08,26.485727113206213,0.0,104.44273628615811,546351.9028242158
2022-04-09,26.169706059570522,0.0,104.29841269220094,593844.3155688375
2022-04-10,24.75235244351278,0.0,104.5981218508331,619506.243379074
2022-04-11,28.974669808287146,0.0,104.12236129663698,585462.3028767857
2022-04-12,23.401344398174004,0.0,104.4057965145425,552958.4328561623
2022-04-13,25.0415301406725,0.5214726463018268,103.7657214491654,624196.0945944155
2022-04-14,26.692023739576392,0.088336828250488,105.17410352688452,520293.43121428567
2022-04-15,15.146361794206014,7.382836009411355,104.7529546391479,495022.6346525219
2022-04-16,21.368375219176997,0.0,104.23990566702824,616756.0307555926
2022-04-17,23.86376424641148,0.0,104.21404620578902,581710.9501554768
2022-04-18,23.86355719055744,0.14787926179286426,104.56830306151465,574759.64091565
2022-04-19,27.325177707856753,4.246200304505604,104.49358820489219,544714.6757952666
2022-04-20,23.91697051499351,0.0,104.82172291408553,516145.2603319013
2022-04-21,17.90769576643605,9.369894075196827,104.66238790486321,564213.0253972345
2022-04-22,21.11073436658208,1.544732709376229,104.74598711491102,611171.1246086814
2022-04-23,29.23665119771673,1.4695682185499324,104.2509362841072,562408.4995398739
2022-04-24,25.26655440347998,2.702673555900793,103.7612443305533,634680.3982694221
2022-04-25,23.893942377547702,3.378988532034236,104.77001627022514,614197.7996676057
2022-04-26,27.28350865363436,1.3013659393502155,105.22205300724566,578390.1943475961
2022-04-27,30.8384767788141,2.0633990144997987,104.65336813967158,544946.0064987851
2022-04-28,29.07411122969615,8.043254458821478,105.08465518921724,546478.9125050552
2022-04-29,26.037390472075767,2.0988484752606467,105.68600054816235,580171.0219124362
2022-04-30,29.169421371932977,0.8875529746411468,103.92952697622236,593307.9233658984
2022-05-01,26.19122477028421,0.0,104.42271058308555,607141.9735486332
2022-05-02,26.408264474152528,2.2113890480896536,104.87243404740781,572160.5819775056
2022-05-03,29.07778421943655,0.8166410480191857,104.34373896138239,586018.2814822693
2022-05-04,25.49386005543871,2.191833507656243,104.32682199285676,588372.067799607
2022-05-05,26.573642046293966,3.576953499332438,104.46138702258013,532175.6463206708
2022-05-06,29.556032215587926,5.032423196931257,104.37765983473302,540172.8497461563
2022-05-07,32.18196831315979,2.4347995501259607,104.90282532781652,637042.2767256516
2022-05-08,23.938800413921733,1.4234600155193788,105.00903343999529,649293.1930830696
2022-05-09,26.237955723036965,3.3980936130699226,104.56916283318346,563844.8241761738
2022-05-10,22.4156887991043,1.5511991918048433,104.39178126182004,604843.4559039256
2022-05-11,25.903703787037607,3.4423152670191524,105.24468874864763,604855.1929157319
2022-05-12,31.050888123774,4.219562770222903,105.0209215226569,555667.7631863253
2022-05-13,22.92238372241396,3.1916389484525753,105.22044593229205,521352.36817888863
2022-05-14,28.520409458263,3.7158305158538596,104.46881591962897,631117.7160210058
2022-05-15,27.969490313152313,1.2496329020611352,104.81017467457914,605097.4020884408
2022-05-16,24.749802805956037,2.05714602821889,105.0092355108105,603939.1963867143
2022-05-17,28.989073604715916,2.6478126077159456,104.60774839987316,591231.3404274521
2022-05-18,31.50786744460867,3.486172080745199,104.52017974554472,641972.6561834703
2022-05-19,26.917611992858653,3.1408414646728757,104.76168747018667,556575.8981049166
2022-05-20,29.772613434071452,3.7199818948658097,104.5796676589015,592080.3948679339
2022-05-21,28.907318706411083,4.295229960285015,104.9831843510316,610928.7089435223
2022-05-22,29.226773685559127,3.482507197330886,104.63810714120406,620274.9471779688
2022-05-23,30.564916784416983,3.220915822261991,105.10435445676957,612297.9829830088
2022-05-24,29.889422578013477,4.9390066243492035,104.40226156875933,546066.0451341468
2022-05-25,32.23313009294818,4.438185016967857,105.5234730123371,624935.8316536953
2022-05-26,30.123732053476843,2.684608071827499,104.80138017303405,616048.1040285539
2022-05-27,28.792403798810025,3.2313657388086128,104.68318265296986,640218.8386321792
2022-05-28,28.89369263396925,3.040436480398101,104.97556856310956,668195.4957289766
2022-05-29,30.058575889439716,8.975486163270256,104.70560017485741,565203.3737496492
2022-05-30,33.444522234141765,2.7035535553686496,104.39106614986031,621891.6268668374
2022-05-31,27.111410596253872,3.470622036907307,104.94364042085301,571961.7829864677
2022-06-01,24.109725225734415,3.891061742483863,104.62154025873559,598897.9248607542
2022-06-02,33.02823055452317,3.6802722631959317,105.05920163835087,546364.8395630507
2022-06-03,28.922289344367268,5.18385005412812,104.47032860066128,580401.6900773294
2022-06-04,31.051087994878927,5.969593497882013,105.48998422900742,654125.5006842236
2022-06-05,33.45802619170728,4.394228592074283,105.4681723386454,596291.1150018059
2022-06-06,31.939650501212597,5.552576088686729,105.34807779591301,621010.7076020804
2022-06-07,27.99887336118887,3.3230199881846634,105.35725371368194,605400.9061910306
2022-06-08,30.098863967839318,4.857940813640268,105.0994960148664,622410.8545142105
2022-06-09,33.69620305216799,4.836227968799806,105.26245255685146,603587.1327966944
2022-06-10,32.53891196378627,2.9671296693520186,104.35202118147652,604110.9407992352
2022-06-11,27.33649599763161,6.2949873603638835,105.16532261846031,621616.5833878544
2022-06-12,32.541376192110825,6.496436814675302,104.6659971473382,629064.1691841729
2022-06-13,32.49109266864536,6.135578061789926,104.71248738006378,531226.5216958108
2022-06-14,30.628539150519757,5.150331919765644,105.40630004240792,530114.2481923235
2022-06-15,30.901118600319702,8.869181656631467,105.12437397720727,564662.5479199738
2022-06-16,29.824880462253347,5.05812212638405,104.38993149472934,611967.7600558754
2022-06-17,28.21643266632804,3.9783591249065955,104.90016125387801,561709.6041178885
2022-06-18,28.739797414711457,7.04268517044078,104.75095981681349,674756.1922792543
2022-06-19,31.486651590127558,6.742774494938147,105.51745051795604,696147.2246650273
2022-06-20,32.91770843463041,4.587314332757629,105.25661384770106,566360.2793450074
2022-06-21,32.226677398739916,7.123635593712374,104.90245816376807,609527.4628285139
2022-06-22,26.875205696031266,6.699146936589849,105.55215696771732,561871.9966843857
2022-06-23,30.385874547393232,4.665179595095804,104.97304083027029,585621.8493718801
2022-06-24,31.211537679138836,4.573357650329808,104.54948473230576,611968.7687506415
2022-06-25,34.317067057533976,6.864664942765851,105.38428261667666,611476.3260042691
2022-06-26,34.83899070466802,3.275436087713264,104.91822163741543,674851.7047611057
2022-06-27,27.87489000745446,4.026059631117925,105.77211604664235,592804.7068529233
2022-06-28,28.123451243880616,7.974242200615269,104.67707375086405,573997.3894670218
2022-06-29,26.35765072589598,15.288980541724422,104.77425100728618,602829.5103569159
2022-06-30,30.489872734359267,3.936995172013197,105.67711299271477,594543.0660501833
2022-07-01,35.159731578361686,4.47520392272339,104.8390122578414,560038.4117591497
2022-07-02,27.95780488487028,5.145208955502079,105.1459627842737,640485.4898119291
2022-07-03,33.798909853752484,4.852087821084062,105.29112425756357,691649.632047813
2022-07-04,29.076194000169274,5.908026816018134,104.50400261309616,632160.4486087144
2022-07-05,27.482712220707658,4.309331809474436,105.12554828936665,525600.9763067213
2022-07-06,33.96390924877298,4.4911860867321405,105.12525887167351,581499.5477881413
2022-07-07,33.02887162538138,3.2531181704036274,104.87620688622621,646820.2860683886
2022-07-08,26.87867712401107,5.767840457575537,104.4307053446649,586752.0493112361
2022-07-09,31.40742906735007,3.6828398761366286,104.3419536900753,628401.0159787883
2022-07-10,30.591112621110046,5.837691974800182,104.39665543366662,633952.6840655216
2022-07-11,24.979328763561938,6.314464973825309,104.11715148365593,489029.21680851583
2022-07-12,31.75404294471517,5.126510878144446,106.00580856290692,575876.6102139823
2022-07-13,28.547488370530395,8.879837253076861,105.27818003212954,574173.783453004
2022-07-14,30.282502008045945,4.856345918250223,105.49464104586953,645499.5957575768
2022-07-15,28.16579638746826,5.993506948931287,105.88960201381377,572828.7550613781
2022-07-16,27.34273282560204,4.504772292717529,105.25314724041915,649752.6892873937
2022-07-17,30.640442181169117,10.688378765154228,104.54260100060397,663174.5177890711
2022-07-18,26.11618959046654,5.159286784203739,105.40585568572261,544060.9854880486
2022-07-19,31.275176906803484,3.981617520183966,105.68770572790632,633310.3738800635
2022-07-20,25.20181817322269,4.142059310556613,105.91264686299347,559742.8693040261
2022-07-21,25.527472767127364,6.241683356540529,104.46102989151768,552999.5306270622
2022-07-22,28.302600014207457,5.14237557814003,105.04148559989642,580040.2238025083
2022-07-23,29.760707375844454,4.37282080215898,105.25739505993334,621114.443323985
2022-07-24,25.388731137088286,3.416832516197758,105.0007233131224,673990.1419815407
2022-07-25,27.9027385994928,5.429499196534989,105.68327975323477,572090.7661793228
2022-07-26,26.348957524211176,5.411567423001415,104.9797296172504,588706.2763683033
2022-07-27,28.452945931324347,3.6177834423587925,105.57846699354775,583297.9949924737
2022-07-28,30.99248752966195,6.850166523120645,105.1822995468466,481031.284046841
2022-07-29,28.497768178758946,4.2553833520893765,105.18440127409396,617995.1871578732
2022-07-30,28.978770136453168,7.871722071660805,104.69213324037773,632762.5895367097
2022-07-31,27.715222153890792,7.214589362201945,105.62404107653745,605195.3619834554
2022-08-01,18.237965075579325,4.78470313001519,105.31490257915652,525896.5848205687
2022-08-02,24.818026186074825,4.721826164735852,105.5436278445331,553724.0551266834
2022-08-03,28.481774536225743,5.881498115620389,105.84911943724275,550614.2302963841
2022-08-04,29.171226380089138,5.792228597033137,105.39328796776421,593660.2658758537
2022-08-05,26.467316860105818,5.900830267409619,105.06628390914207,566530.8761234066
2022-08-06,31.026549129411876,4.508834645252256,105.59690801872209,626478.6603438362
2022-08-07,19.858774696213356,5.226135065462976,103.64231660901993,572353.6089395558
2022-08-08,30.318949927918474,4.369649500753084,104.44019418497922,533418.322639072
2022-08-09,34.82975899313909,7.215731867066204,104.24608693164257,555288.841831859
2022-08-10,25.636551523186604,3.919457255250303,104.85469553632355,544021.8301935757
2022-08-11,20.625009206082815,4.670284939357546,106.37743270601884,606601.4666403624
2022-08-12,23.913513718073126,2.186207745806074,104.610641132605,543375.3884288832
2022-08-13,25.241638427635202,2.587770601598347,105.64520009820856,594667.0020897365
2022-08-14,25.72093949614858,3.7996083325967356,105.69802911246173,556720.9447866572
2022-08-15,27.73025333046061,7.111489020006861,105.47916798318222,545822.0157621086
2022-08-16,29.57157829163518,3.162418073171828,105.31680437661397,526001.9514042181
2022-08-17,27.50775909639441,3.78665822041832,105.798670890713,529606.2200025732
2022-08-18,27.92858889024671,2.9879242099249512,105.63655569512828,579499.2490609277
2022-08-19,19.44190442754438,4.642308968613099,106.02376539442776,526362.7490430333
2022-08-20,22.608776410438892,4.116062271191593,105.69684588991181,598303.2813756826
2022-08-21,28.37758309143088,4.299463983928661,104.95358216698553,594135.4886418958
2022-08-22,25.61555580739166,5.540316204245467,106.53448122329827,541544.6707244368
2022-08-23,24.90611631649648,4.269983577765439,105.80656156027102,572437.4460395803
2022-08-24,24.813751593063866,4.169145164524763,105.03339421464148,505230.4474955752
2022-08-25,24.039126479844178,1.848965200661692,105.11549446477368,557484.2997455638
2022-08-26,24.24436072017322,4.729340279025452,104.76605699674296,540546.3491082677
2022-08-27,22.129099458837178,2.3953810187449003,105.23644073951685,593826.7849399673
2022-08-28,25.54692289170188,4.25181918611157,105.62230859562808,570659.7661420637
2022-08-29,27.253171429151912,3.891228114429931,104.97927766060451,552521.004596877
2022-08-30,25.371390861769676,2.8930775193114457,105.0252999502084,585910.4381217004
2022-08-31,23.994699905213025,9.693842276723577,105.00586311810441,495568.2822411858
2022-09-01,21.44106688381319,2.9590846780881943,105.29553945266409,510640.0109253728
2022-09-02,26.61248459274491,2.353446591419219,105.23239406117008,516210.324361159
2022-09-03,19.738865972241165,2.5726121902201675,104.98330101518161,603732.9716145193
2022-09-04,20.219865300716577,2.601437504010963,105.1806386838807,624986.7945194228
2022-09-05,24.97074437123497,2.9631424433932905,105.23474287427534,504663.0764594769
2022-09-06,23.585319821472915,3.7352098677200694,106.28306521856794,541320.5465940955
2022-09-07,23.916948249885337,7.26856926889098,105.23264474876818,526256.6223108699
2022-09-08,18.114795162963055,2.4446686359017518,105.43710350899516,521112.16008567635
2022-09-09,28.252707138219876,3.4086307413346533,105.23846951815949,545150.9016033196
2022-09-10,21.65762164729096,3.6692260956502425,105.32877088194353,556700.9423502187
2022-09-11,17.300325061355544,3.6471752114780394,105.52120501044962,547814.3432683041
2022-09-12,26.5523379659301,4.234614143829988,105.29267132432906,532111.9166158085
2022-09-13,21.857812677698167,3.4639735846036035,105.0326491188286,534867.9379541633
2022-09-14,24.142469039282773,2.331502067085499,105.47118493503349,540106.6620315019
2022-09-15,19.83852805349781,1.0254569248933303,105.90304895754964,519765.9715458232
2022-09-16,19.643411311190768,5.3864346799530765,106.02528908718739,490472.62097764836
2022-09-17,18.270563300687673,0.0,105.0098824980486,519019.77077310754
2022-09-18,15.86339176332173,0.44357323751587163,105.2644783328594,606758.1080830989
2022-09-19,26.236590483182184,2.677399518333307,105.59800270974132,528422.5545051058
2022-09-20,25.509277638193694,4.552119491673893,107.03862597537503,532124.24502093
2022-09-21,17.75723358681505,7.371562322432488,105.09826445657367,435676.0148077658
2022-09-22,20.529509058189007,3.2752983033759158,105.94673193734761,488166.9148832679
2022-09-23,18.148465260644087,0.9571242050257429,105.05788431197998,492492.2760963733
2022-09-24,23.28105885981404,2.6210744159504307,105.18704214453128,556698.8137973454
2022-09-25,23.87165208596919,3.438723028882081,105.5981862875751,543072.3925672206
2022-09-26,12.5912937963538,3.2033925305800817,105.32851448093005,498646.85732353694
2022-09-27,13.952830642143269,0.8670645797297958,106.70987182591979,480967.9504947186
2022-09-28,15.46837691434035,0.5529805100144551,105.82258547636083,535408.911236807
2022-09-29,19.919711222492182,0.7200888094642905,105.94827695611374,526992.4067137062
2022-09-30,20.371911231642173,3.7849189525498077,106.68104858867656,482756.05632141256
2022-10-01,22.927342777956838,2.786904468916549,105.50903306727335,528492.6939237128
2022-10-02,20.371418888858134,1.7250438796866012,105.5926078619688,503246.64230749063
2022-10-03,15.726809255946108,0.0,105.97020832126833,516260.37036481604
2022-10-04,18.577257686885282,4.600991515814302,105.00311183672366,454119.03573279676
2022-10-05,19.51391355825439,1.2852869334993504,105.46453386651432,525801.4724155886
2022-10-06,16.21447636040812,0.0,105.69432945523116,508299.06694732077
2022-10-07,17.97470028489749,0.22891495663335726,105.03911957591556,493341.4402965249
2022-10-08,18.72000845319077,0.0,106.40615718394146,558892.9407115356
2022-10-09,21.955524982886665,2.377909817511285,104.77330084681384,542983.4347154403
2022-10-10,16.825621827298747,0.0,105.63726016149963,510371.44714338786
2022-10-11,16.65883729656175,0.0,105.96496848631904,491009.39033476094
2022-10-12,17.601488243578643,0.0,105.59966448923538,487294.4243711408
2022-10-13,18.753883108753158,0.0,106.06613058310538,483002.8270667126
2022-10-14,16.10151182447321,4.389385762134228,106.02174099050104,500289.4278549345
2022-10-15,17.222167901931634,0.5995376077996266,105.87452379948672,544535.4732732589
2022-10-16,12.527015945544,0.0,105.80349603247363,508884.02890867874
2022-10-17,22.48035599439329,0.0,106.00838404289061,496112.00465709245
2022-10-18,11.609507817815965,0.0,104.90038121585378,499003.96802024334
2022-10-19,11.017318665911288,0.0,105.53474423502877,458048.7807179814
2022-10-20,13.058366933528402,1.0093599462684333,105.99730670343554,494583.2219110834
2022-10-21,13.849817528773022,0.0,105.90510438790398,493642.8824387556
2022-10-22,9.967517216201275,0.0,105.49218412672766,508877.7400314521
2022-10-23,16.465310444849116,0.0,105.5078007572162,557248.7324558464
2022-10-24,15.000211511874276,0.0,105.66383936523565,474233.97905483755
2022-10-25,16.52316738077942,0.0,105.1206264840162,487205.3156763889
2022-10-26,14.02533318083026,0.0,105.15362119910078,474063.0222733351
2022-10-27,8.21192626704449,0.0,105.69720158323346,469994.97784448176
2022-10-28,16.251502885838132,0.0,105.25289138934977,461143.6562696203
2022-10-29,10.286178805128834,0.0,106.0294882689292,564739.115890528
2022-10-30,9.694854969546505,0.0,105.99040766341287,521964.9381139113
2022-10-31,11.105972862067436,0.0,105.5816449009562,472716.5903847743
2022-11-01,10.585183127558022,0.0,105.65783504425536,500116.83865421114
2022-11-02,10.541031909991684,0.0,105.3543666580046,485667.67422988004
2022-11-03,12.094162949836772,0.0,106.28338353712462,525902.4186686146
2022-11-04,7.835735259638505,0.0,105.2761201877206,460797.5602469981
2022-11-05,13.163556252952146,0.0,106.1748013943445,504002.2652556623
2022-11-06,10.400080976421199,0.0,105.37836169212576,522668.4876105925
2022-11-07,12.698320113303254,0.0,105.69383569301434,441494.43959276256
2022-11-08,21.298331172993848,0.0,106.03386848194948,460516.47646779515
2022-11-09,13.973328560548486,0.0,105.2897203627625,454728.4071449397
2022-11-10,13.19211386183563,0.0,106.16171233460888,456627.45968516316
2022-11-11,9.771681897182248,0.0,106.20464693846175,474013.6152426524
2022-11-12,14.971197605553174,0.0,106.24463504244854,520328.852424493
2022-11-13,9.05439473032467,0.0,105.4318453807899,470436.1496566439
2022-11-14,10.613403122675399,0.0,104.85908961362531,434654.3958428586
2022-11-15,13.136040636026358,0.0,106.44770678126164,441162.6547726414
2022-11-16,14.93261911671774,0.0,105.18997175589313,471951.8820062702
2022-11-17,15.434992682074572,0.0,106.12097815043744,450568.035076343
2022-11-18,14.81116766220753,0.0,106.17429663852121,410515.31710296794
2022-11-19,13.414697400022028,0.0,106.68451595716316,514676.87827762973
2022-11-20,7.646370646293826,0.0,106.18002757309388,452498.8135411837
2022-11-21,9.152815804557246,0.0,106.54797537972058,448666.5188161585
2022-11-22,11.371509973996567,0.0,106.27458322776675,430550.58989790536
2022-11-23,11.906747341825113,0.0,105.8335683426494,431553.1072240157
2022-11-24,8.702100888988129,0.0,106.85747591230947,419127.89258207637
2022-11-25,10.125591746965291,2.281059974547769,105.81947848359002,467697.16155573196
2022-11-26,7.882547143664252,0.0,106.45741023779374,497972.41599675827
2022-11-27,11.363601821885421,0.0,105.11629315205909,472413.2978882303
2022-11-28,5.257035791741297,0.0,106.53953175543344,440818.8328143311
2022-11-29,7.625090983104168,0.0,106.38845552257541,431039.0109335106
2022-11-30,11.887645673562961,0.0,105.4113653475618,454783.8267988849
2022-12-01,5.420250417506148,0.0,106.07443845240763,441184.596931514
2022-12-02,9.996596800792831,0.0,104.95032649987968,441508.29535220424
2022-12-03,12.262789013093057,0.0,106.15949380436045,500988.04895053944
2022-12-04,14.198412398900969,0.0,105.14525261459706,466924.2693458567
2022-12-05,4.9072085172272395,0.0,105.6527622230472,431584.8284606704
2022-12-06,8.216299219075726,0.0,104.76067509826031,408649.344878256
2022-12-07,12.17460631479679,0.0,105.35737278208168,417765.5641779259
2022-12-08,6.921450287984985,1.0593175039017855,106.20005781727026,452643.99921616964
2022-12-09,17.89246934401567,0.0,105.72780828974061,460934.920309902
2022-12-10,12.124861766872872,0.0,106.41688350776988,491492.10652277444
2022-12-11,14.17100480751958,0.9797085494192319,105.33612916684753,430348.94786170876
2022-12-12,7.994833278014529,1.0896556245103504,106.05865822131463,439102.2077936632
2022-12-13,5.837957371444793,0.0,105.698448078107,441341.82980582584
2022-12-14,10.238896512894726,0.0,105.42484164688445,430977.17846441263
2022-12-15,11.639144457721919,0.0,106.1284999174483,427740.2289772028
2022-12-16,12.749368306948739,0.0,105.7669550043343,431568.6975835474
2022-12-17,7.720204399282489,0.0,105.71886300905551,456984.77388189407
2022-12-18,12.05668243980423,0.0,105.75656164170779,457917.0688926347
2022-12-19,10.103008587428421,0.0,105.96209473725827,388325.1413981563
2022-12-20,5.629961455780829,0.0,105.39613237058202,452317.68815433286
2022-12-21,11.257388960272413,0.0,106.22988036197638,442264.2707502719
2022-12-22,8.2004601656545,0.0,106.44255099098994,436853.12369046797
2022-12-23,5.964554771016573,0.0,107.07008854817471,467597.81698623224
2022-12-24,9.719734911193733,0.0,106.56423999986427,522313.31648799503
2022-12-25,8.151934087752991,0.0,105.09236796254945,473531.7405724452
2022-12-26,10.017649674633887,0.0,106.23449122095954,448430.28925025207
2022-12-27,9.093691198127773,0.0,105.82738810349788,449018.6892892013
2022-12-28,11.334968496222583,0.0,104.7896504165931,410092.6428641461
2022-12-29,11.980340168485908,0.0,106.14636547038542,445654.44904788974
2022-12-30,2.9965229154277493,0.0,105.42378727096097,454943.3552815306
2022-12-31,14.402218132284444,0.0,106.33191616243185,461650.2027941425
2023-01-01,9.83783027542749,0.0,106.91287436382646,481594.51870556106
2023-01-02,11.796414576801558,0.0,106.49566271214871,448615.995687853
2023-01-03,11.188249835687296,0.0,105.60813617914876,387158.047573716
2023-01-04,9.663610318513859,0.0,107.0391260878475,467472.57081006235
2023-01-05,9.634917846695103,0.0,106.3975461551986,459839.9747412402
2023-01-06,6.721519703318516,0.0,105.81694227790763,423945.50075558847
2023-01-07,8.628682008936975,0.0,105.9651581314326,501552.0321591506
2023-01-08,9.887864484267418,0.0,106.82027531441227,499205.72907633387
2023-01-09,10.123041994543335,5.8119636884783485,105.64045735513203,415083.87521684903
2023-01-10,6.967287371328789,0.0,105.5061550119428,489014.85470131534
2023-01-11,9.197262319383835,0.0,107.19772666604446,462057.17073616147
2023-01-12,9.317541117289123,0.0,106.9111740942978,434221.02542348637
2023-01-13,14.026256946363356,0.0,106.17669574238694,470183.8103026778
2023-01-14,7.796550821999856,0.0,106.39617191266086,487034.1788697915
2023-01-15,17.061270232623208,0.0,106.33937845789464,477892.59792730527
2023-01-16,11.075239720030423,0.0,105.71861456933104,405709.6543181873
2023-01-17,9.158367381396724,0.0,106.36285552033057,422557.6672872727
2023-01-18,13.765680543220352,0.0,106.80384943676344,441519.5332833677
2023-01-19,9.395993676121966,0.0,105.46572053743047,470297.8198252823
2023-01-20,12.089236390913431,0.0,106.81178703321379,465253.8320106272
2023-01-21,7.174824102634019,0.0,106.48045691882797,489814.952106566
2023-01-22,16.456959006648496,0.0,105.60765674869177,494496.33897118596
2023-01-23,14.388037312896275,0.0,106.34079259742354,450683.6467600301
2023-01-24,14.359987556619897,0.0,106.13964087097139,482402.24817382003
2023-01-25,9.558788545590266,0.0,106.2179849287649,460698.04659379396
2023-01-26,17.97178550791488,0.0,106.57229569739074,476232.20643780794
2023-01-27,16.559550063958802,2.186951957967232,106.4476405753996,444995.3855752276
2023-01-28,12.814880089503005,0.0,105.88639980569071,524773.2677702407
2023-01-29,18.563830171103866,0.0,106.1237162449326,528842.4461128939
2023-01-30,12.645367643776614,0.0,106.66947682824416,425169.15139403264
2023-01-31,10.711412479337202,0.0,106.83108492708573,489085.2447896915
2023-02-01,7.604477652684086,0.0,106.1634485189688,480692.03005424666
2023-02-02,11.594613566988391,0.0,106.31019444851843,431473.0432879501
2023-02-03,11.424342217396958,0.0,105.94861623511518,481979.810039486
2023-02-04,13.499502276105835,0.0,107.5667484596349,523896.33308367233
2023-02-05,11.209897415874511,0.0,106.54934936575232,504367.3543665271
2023-02-06,10.006574122618712,0.0,105.85397774991299,458277.6813497278
2023-02-07,10.366583167508182,0.0,106.04703403489269,451154.3405825798
2023-02-08,8.36793237200954,0.0,105.70703182150052,462119.7388206112
2023-02-09,13.854431563035538,0.0,107.20238024189125,491539.2824982218
2023-02-10,12.583431127006572,0.0,106.27149053962046,474058.4853885547
2023-02-11,12.146300668342153,0.0,106.18679503830859,467934.0389665268
2023-02-12,16.977417126707273,0.0,107.0042721892493,525770.6313341854
2023-02-13,8.785498960842862,0.0,106.30317535526036,477762.09938712325
2023-02-14,15.421666645497027,0.0,106.60094645507198,476932.9340034673
2023-02-15,16.146810927478317,0.0,106.16452935085918,524710.0780160232
2023-02-16,12.322023866392957,0.0,106.22718364604191,422982.70665804646
2023-02-17,10.664834640912705,0.0,106.3205627178305,481779.2084634953
2023-02-18,17.98496003527717,0.0,106.50518034956971,529931.4645915177
2023-02-19,18.9452170689514,0.0,105.7816679410883,551642.787241474
2023-02-20,24.485330620512144,2.476707440109218,106.65539897779765,505461.7309738377
2023-02-21,11.633120151817536,0.0,106.39345043370434,456709.6595610421
2023-02-22,19.69346767992529,0.0,106.70705784980528,489138.6270431155
2023-02-23,14.119005819796582,0.0,105.47514936567536,493637.3134702714
2023-02-24,14.071154207434805,0.0,106.48699153950179,485355.4117810301
2023-02-25,17.867014162886825,0.0,107.38337664524126,548156.507425215
2023-02-26,18.23862731647434,0.0,106.67096302438827,541021.3017508201
2023-02-27,16.392734677332868,0.0,106.87527165093779,469184.01172492024
2023-02-28,18.501781092415357,0.0,106.40298616866154,551079.0827343982
2023-03-01,11.385324307742392,0.0,107.38777086055758,494433.8300853976
2023-03-02,16.274368226039442,0.0,105.83969232829989,504172.1763210285
2023-03-03,18.0893085669768,0.0,107.06238092964506,512371.26182247704
2023-03-04,10.204457785072922,0.0,105.83404146804014,554975.1416136157
2023-03-05,18.158824499938664,0.0,106.59481633379599,536716.7487173305
2023-03-06,10.142238873417606,0.0,106.42029731777332,480502.97580123803
2023-03-07,23.117480355628057,0.0,106.19843416334781,472053.9315271855
2023-03-08,17.45520816454479,0.0,105.62043152907535,515326.6398792233
2023-03-09,18.891259962528505,0.0,106.84474286816202,562392.669676702
2023-03-10,12.964593352753916,0.0,105.78591068670733,554051.3886709812
2023-03-11,13.42840300890514,0.0,107.98361471827717,542663.3087264147
2023-03-12,15.693606454086343,0.0,106.83192109085476,541198.134591309
2023-03-13,14.48337080404325,0.0,106.13710598392234,507314.66895533435
2023-03-14,22.04579996766342,0.0,106.36990505315367,477366.185684293
2023-03-15,17.269570885403056,1.7788188609373705,106.21451531698027,492941.3487448422
2023-03-16,17.18055027021225,0.0,105.8688747674805,551473.6519276476
2023-03-17,20.77673205932615,1.8657384679540405,106.6028208601853,492149.9668927641
2023-03-18,14.529327541151064,0.0,105.82102486905873,618952.8061291579
2023-03-19,17.443879683370046,0.0,106.92277711766113,575393.3442342198
2023-03-20,15.656199663021221,0.0,106.79745006972531,554559.1238353342
2023-03-21,15.28654294664635,0.0,105.32882332311604,529843.6753545214
2023-03-22,26.44674486351825,2.463781667500278,105.58861756734201,505275.4270251179
2023-03-23,19.792780781835663,0.0,107.42497787159851,515350.1584533572
2023-03-24,22.033049966112483,0.0,106.53554008258324,541508.0850362031
2023-03-25,15.730656219724965,0.0,106.92380774825095,556701.9101220652
2023-03-26,24.615912028483248,0.0,106.9287041191671,603649.9752074317
2023-03-27,15.773182505008798,0.0,106.7392756054812,513255.51373777166
2023-03-28,19.501365877965178,2.829677840057194,106.53928155908972,512313.987338169
2023-03-29,30.046963010436308,0.0,107.23750050540693,514100.8964752817
2023-03-30,25.27573595669266,1.2910018229687608,106.45483828568136,537724.0529408178
2023-03-31,20.83554469128237,0.0,106.88198740761652,571932.1194762869
2023-04-01,20.077614518111435,0.3948962824417759,106.02299551591739,584560.6479988919
2023-04-02,22.45264544049858,0.0,106.28882214608342,630028.5629897596
2023-04-03,23.810404518212668,0.25750824502226344,107.52010764070792,531053.4945744867
2023-04-04,29.01038302540488,0.0,106.67611758637787,523738.41660836025
2023-04-05,26.656062182699532,0.0,106.27965971211816,568197.9432483782
2023-04-06,22.725274285662724,1.4652897062387127,107.01316849874382,492297.8575049055
2023-04-07,24.223851558124732,0.0,107.50267786665039,583112.1371158836
2023-04-08,23.766765568639524,0.31431969028218154,106.72894646705795,584573.5687845696
2023-04-09,20.718711800218777,1.6761197859877885,106.2890341229132,604573.0163002159
2023-04-10,24.677833806465536,0.0,107.16273711352183,533441.0387006341
2023-04-11,24.455298963078455,0.0,107.27548407002986,535160.5072742287
2023-04-12,25.09868810086939,0.0,106.3727264539788,537942.9553816436
2023-04-13,19.548065846570015,0.0,107.28076430856471,543174.149460886
2023-04-14,23.836128573161123,0.7903135493464086,106.12775673131966,568773.5829073394
2023-04-15,24.582946140912007,2.3861404838923796,106.64863189360533,643545.8118845702
2023-04-16,25.073346859130005,0.914385088155221,105.91029877485526,650909.2101178665
2023-04-17,24.147074967015584,0.30914140465840056,105.75109693759367,550554.1045420655
2023-04-18,19.730810348497055,2.5979425287493276,106.02624850374802,553856.0207918285
2023-04-19,27.37196865639252,0.0,107.1555652138537,606506.3269758472
2023-04-20,27.796936723242258,2.074365512922686,106.57385229045559,572291.673423481
2023-04-21,28.971045594693198,1.5069221160467536,106.08451715919321,547713.5343133421
2023-04-22,29.36248584300501,2.0448670767495667,107.35477280701406,613455.0520383464
2023-04-23,28.364454014173877,1.2684690351832408,108.08960699808782,664187.2319043094
2023-04-24,25.66899792484374,1.9150098611913617,106.32041697767366,569883.7178192151
2023-04-25,27.94863588969953,2.101866221236928,107.21377264629963,564052.8069959027
2023-04-26,27.53390331345825,0.0,106.36875399245207,637829.2144118969
2023-04-27,22.727587380320713,14.161350575416536,107.16116973415257,593106.1614879251
2023-04-28,24.747915120166667,2.996627591291526,106.9101773662998,616304.2284629097
2023-04-29,22.32636736116156,0.9480765627152649,106.93546588240622,638568.2280274914
2023-04-30,28.586765307101064,4.538577410807048,106.72777732481072,597087.9695631271
2023-05-01,26.699077808222405,2.5054605871866005,107.16803565193095,587516.1088239938
2023-05-02,28.48638167760812,2.5978312016904006,107.07569992609619,561752.7634091388
2023-05-03,25.706362280469474,0.055095891748575765,107.09360701558548,574352.6552482733
2023-05-04,29.989622324844923,3.0711450684291908,106.72880272078157,551932.5196933167
2023-05-05,29.457844418342823,5.5170046744788905,106.7808510743915,575214.6225426018
2023-05-06,24.827283504761606,2.372864124210781,107.31900841622993,684822.210648518
2023-05-07,22.907681814904947,3.0664276714209366,107.00065314244787,618615.1954398004
2023-05-08,32.95614639881842,3.1355185140709985,107.40041835905234,575559.0234737791
2023-05-09,27.597367543705413,3.347971846385987,105.79170231853209,572929.9349093698
2023-05-10,31.562062629789388,5.796862566598618,107.51232730898478,607065.4065149842
2023-05-11,26.223331723853757,2.003152486581727,106.51415124375406,579197.5766472531
2023-05-12,28.74732965137207,2.0494569340088917,106.79937292300527,567177.8042240338
2023-05-13,28.182764344035252,6.768576900994443,106.95614981043573,663032.7146414449
2023-05-14,24.25620589988187,1.2279884368999405,106.70842495103047,710891.8943165315
2023-05-15,30.24517978105035,1.3569556258911128,106.22446435133116,587841.3691078516
2023-05-16,34.926060663441476,1.963320491076622,107.38390062762645,599559.6431752014
2023-05-17,23.120421499610988,6.174614700733076,107.11601948740092,609378.8805834212
2023-05-18,28.33332902782207,4.3466501137244,107.45491499828569,556675.3516882316
2023-05-19,26.473134477836375,4.065971614612507,106.02121593145625,534796.2597664796
2023-05-20,27.052688612619264,2.9120679853577625,106.187302929031,682244.3448649787
2023-05-21,24.879678291150455,5.526036772133617,106.97492377823795,668865.5233384684
2023-05-22,34.91995378802581,3.8888624293313705,106.73687074209259,601469.7416120741
2023-05-23,28.64738159392923,2.7105986670191147,106.6904817607534,614717.2357501901
2023-05-24,24.100750900881042,2.5063298098004427,106.95431137662425,560289.7961652046
2023-05-25,28.196280377974627,4.865498356438152,107.1873757339236,611354.970258153
2023-05-26,23.96680141754735,3.4894064001465543,106.24678791641699,598607.1336844033
2023-05-27,31.626047814215205,12.664465151780396,107.11119751042148,639328.2826611706
2023-05-28,28.65449097050542,1.187346313102375,107.48128386874123,596204.8528873594
2023-05-29,31.647338080460116,2.855713799731067,107.86070763907604,578176.2611142356
2023-05-30,26.777132415478277,9.992131747887434,107.31247256045312,575845.2981806338
2023-05-31,30.509911962799716,7.790248017293678,107.24140142076047,635132.5894087625
2023-06-01,25.77673503147484,4.485211034345215,106.09289477174657,617185.8180103129
2023-06-02,22.821538926547085,3.5504342870334056,106.49867823175765,580368.9180223886
2023-06-03,33.809028813541644,4.7781416415572115,107.08171549720383,637839.7891247594
2023-06-04,35.713881583579344,4.414007844263185,106.83082693761078,687362.29287891
2023-06-05,29.379166259534223,3.023586220351313,106.97891635451501,591188.7120555738
2023-06-06,26.5795301411986,4.57507007428043,106.41900565186359,590942.5267642637
2023-06-07,30.07929047931958,4.387077976941988,106.57030593848394,614761.689183656
2023-06-08,31.772345363686924,4.38108806707792,107.37002187313261,622500.4119666471
2023-06-09,34.10233469507219,4.063209108645113,106.44555555061261,622706.5150628083
2023-06-10,27.055649423461055,3.839569347269727,106.93601751770501,610803.6496142101
2023-06-11,32.748406792313105,10.622205331133195,106.07895000378332,684487.1473031415
2023-06-12,27.46635014020584,5.2755772737927735,108.09531477288674,574960.4025646384
2023-06-13,31.99287693718797,3.370960635239771,108.2265793939704,598845.7553498483
2023-06-14,32.81301311480301,4.390390322423706,107.27150704359337,618189.7751697357
2023-06-15,25.67992918367128,4.060577567510946,106.81741645001394,614065.3219672431
2023-06-16,34.14861146553473,4.68016762352982,106.44033062514006,621181.7459693822
2023-06-17,30.51710348042638,5.000548317167622,106.88646561933822,686102.5493012676
2023-06-18,28.695957117945433,8.902515311189259,107.57994016065024,678109.1586409967
2023-06-19,25.03492191624276,4.943585004298171,108.1443285292286,621566.043005101
2023-06-20,29.9598569653978,4.355143376152047,108.17778274942809,559910.0598256079
2023-06-21,24.053407200745916,3.2274190326079615,107.56467688845689,618660.3790991711
2023-06-22,31.868650725425482,3.3287740978122105,106.99331700809735,538757.7639895953
2023-06-23,27.526678371619514,4.57610378838158,107.68173960083716,637856.9601432824
2023-06-24,29.464866461381636,5.902912003839307,107.14273476188872,669952.6582923374
2023-06-25,29.19829883161704,3.4904607211838434,106.87632310335185,659916.6127059518
2023-06-26,31.270534099111266,7.4828909069990415,107.56097409900103,623085.7541407172
2023-06-27,24.10832457012072,4.865657045904163,106.66033407270477,638510.7002544688
2023-06-28,32.831418678891964,4.340830320546499,106.23455318434195,606442.3633337728
2023-06-29,27.251696054462325,5.202174470289865,106.9743062927907,606885.6935968301
2023-06-30,31.425810680594537,6.258498296051125,107.90410443483529,570738.4694925223
2023-07-01,29.374575801739056,4.29529529974727,106.26688962241496,664725.1706089674
2023-07-02,30.892252133025035,4.268794538487407,107.42133336978159,658286.7896707185
2023-07-03,29.063475347757873,7.036704421552464,107.4665787710867,570190.3604713666
2023-07-04,25.473266335793014,3.3022044354024835,106.87186214922065,520207.43172865605
2023-07-05,25.237765186512615,5.953453413119181,106.51934096189959,577290.9680974032
2023-07-06,31.15408567430935,5.514086955302313,107.67613185943102,556684.4099326594
2023-07-07,26.667917217861245,4.210037658312369,106.82060991542109,579346.5590343076
2023-07-08,22.782285316384367,5.332012453780453,106.39209813542118,605748.8471063373
2023-07-09,27.92839449550938,3.7536911592115096,106.62426659007753,687586.7796807038
2023-07-10,27.337179113311688,6.170592517228594,107.13692038499228,607079.93515065
2023-07-11,25.750141207013716,5.92940273143759,106.80202345947608,571158.1545784484
2023-07-12,30.90414973315209,5.966489089246657,107.29738156239104,522869.5497102754
2023-07-13,23.75898029766084,8.254650191474466,107.11649733698225,592342.5320388591
2023-07-14,31.260867287820478,2.9622664399071437,107.36320636461558,575823.7807638588
2023-07-15,24.811714568184577,5.105080531852592,107.45127440540777,686864.6971606952
2023-07-16,29.363504292162514,4.0694394687143545,107.52565626065658,696441.3501605333
2023-07-17,30.382234781057043,4.185980566969314,107.22854599391478,584226.6963119771
2023-07-18,32.568831944536704,5.533636281307432,107.80027414800689,587222.4904171753
2023-07-19,32.61257827124388,5.841034863842939,106.66179174246075,629927.7628554754
2023-07-20,33.3777763673328,5.8130177343071905,107.57422039898273,668666.2529277595
2023-07-21,28.843722318796743,6.616164165069842,107.1109557963019,582678.3414494488
2023-07-22,27.444886988539835,5.706330267086019,107.19216748284416,678752.5469863338
2023-07-23,29.963802674383345,4.89247827575424,107.58613271764834,661708.5996480135
2023-07-24,32.98865285967494,9.644084498202739,106.959648356974,610741.7619353163
2023-07-25,25.41903322317908,5.986316330868862,107.049996454205,548214.129661909
2023-07-26,29.014145846341403,2.144469987529513,106.53717510460402,642384.7520084647
2023-07-27,30.29193590887288,4.389706070364312,107.31182841671638,620923.5874119324
2023-07-28,29.163206998249645,5.186910590937567,107.27168916446615,613220.4012374153
2023-07-29,29.921835914998923,6.1458687581188585,108.04077893230571,632751.8099127528
2023-07-30,29.84699645397853,4.656714307182591,108.07495315656307,638908.457395486
2023-07-31,28.30408086697375,7.236887997099719,108.41472013233356,569880.8639225763
2023-08-01,28.01324479674177,6.575325169529281,107.47590519959087,525572.7194864359
2023-08-02,26.55909084026606,6.077019996237243,108.15194579101427,581404.4345478984
2023-08-03,31.59990132247014,4.330570991241737,106.34355296042921,541664.9223500385
2023-08-04,28.730063194943632,6.106473769920983,107.11434927513143,556062.9207120052
2023-08-05,21.771102794686236,6.260672451208996,107.61843922372105,593066.2598267914
2023-08-06,25.60172944953952,5.134165239389755,106.97327859767077,629932.8214368947
2023-08-07,24.45819928094364,4.646864699145225,107.84297858959222,591451.4837664538
2023-08-08,28.862948552004582,6.048796114857873,107.77352468287626,573254.3214195066
2023-08-09,29.8327155112093,6.72742805602478,107.42612177339055,525174.139066736
2023-08-10,23.691985149294354,2.190008442749452,107.07416348280981,519144.1690906121
2023-08-11,27.42132196007899,5.730807026863792,107.5236836766883,535107.3504207439
2023-08-12,23.692756213995846,3.762524307745107,107.06001248272761,612699.0806758597
2023-08-13,25.20184548554527,3.8445861965456123,107.2203428568861,623465.0244033536
2023-08-14,22.594643198727383,6.396065226670945,106.93557059735997,605674.0833826435
2023-08-15,27.41061529291822,3.1504129028809524,107.76001661506821,606451.6960557384
2023-08-16,26.650429147788667,3.351737741869016,106.80172806617604,610534.6930406246
2023-08-17,25.133156182292538,4.284593697957077,107.30359705808615,574951.706238296
2023-08-18,24.103998001799706,2.3442947000554204,107.08802916192577,542964.7094186774
2023-08-19,21.415337065416605,3.6643390259559627,107.20404276054255,621423.9228014137
2023-08-20,28.973189228116453,5.109047670855752,107.92770358559366,641317.6622145931
2023-08-21,24.969900696185007,3.271110239990169,107.30786859501096,570041.7045808577
2023-08-22,26.87311526324695,11.29311374102446,107.47939073215156,558217.396663161
2023-08-23,23.02759782134549,2.727830226949502,106.92126608077227,532063.1374651908
2023-08-24,26.745423012865945,4.183498882801565,108.13902464645437,586095.1287524948
2023-08-25,20.912559547953766,10.940602418347385,107.4484955581773,565787.2776070309
2023-08-26,23.62061368186583,4.658089709286556,107.36995298977476,567058.9594644717
2023-08-27,22.712846575739825,3.442256959135893,107.8427965735661,642600.8846397521
2023-08-28,25.985379895166336,5.216038066599316,107.61128074098137,586615.2845279663
2023-08-29,21.14327922999644,2.8799714058656165,108.03632316205939,552245.6764333218
2023-08-30,28.70777982206852,4.0765161634899165,106.98595551382927,594883.3386696276
2023-08-31,27.549354291294968,3.21390050542418,107.11998607206529,546185.3621460747
2023-09-01,20.014907265580305,4.86702866067996,107.29462019151197,539698.2943799618
2023-09-02,27.20282732668468,3.499160109694199,107.94129431612339,617260.5078475242
2023-09-03,31.627295245984598,1.9179566711507425,107.481659720418,646838.9892193808
2023-09-04,20.51520732371944,1.3693369744164936,107.04644525579768,524160.42977119156
2023-09-05,19.625543779687483,3.32338708158725,107.50698577066323,533954.056978865
2023-09-06,23.56042430963617,4.266809751466148,108.09405463378044,536953.8875584721
2023-09-07,22.39370122014899,4.261630760048256,107.97446639140351,530885.3950039422
2023-09-08,22.87816109355697,4.255184393015479,107.71555888443953,476580.96765727317
2023-09-09,18.962364456038596,4.325450480768288,107.5602369998164,581189.9237509421
2023-09-10,14.995405228495668,1.2710578993613593,107.9467492365423,555967.7039525083
2023-09-11,20.832225280220474,3.356753176884352,108.18889206064937,535503.2451106813
2023-09-12,21.481518900847863,5.987927195743944,108.08197512833374,495292.9281940984
2023-09-13,17.840446381674916,3.9509907978316336,108.04462183609337,509496.3265229983
2023-09-14,20.365523255910922,3.5325983660207827,108.18951101698657,539648.8162149204
2023-09-15,15.874065399245799,3.0440239520005203,106.57430797647773,472836.0869610968
2023-09-16,21.400584758796267,1.930577327110822,106.90503425215586,570327.9008157523
2023-09-17,14.990216033524213,3.0849053579816283,106.91095119724173,573050.8908644265
2023-09-18,14.38589486809333,1.7144782465995507,108.62478368302746,578632.454677398
2023-09-19,17.50374568938176,5.623318064243751,106.88683002487467,505681.235901454
2023-09-20,19.416954333576616,3.6956288447704067,107.06443776379606,517245.0616231959
2023-09-21,20.92139900525431,0.39806315974470663,106.78543131098705,552084.4949646831
2023-09-22,19.348781224721627,2.4894913863010637,107.02797372080119,539608.7157081873
2023-09-23,19.45555464725636,1.102981578228335,107.70397323811399,593920.2116407325
2023-09-24,26.83788748360827,0.3342221350888317,107.4069770285279,618195.0934799297
2023-09-25,16.713983053867803,0.3729243017995698,107.68078962594272,569987.9648335531
2023-09-26,19.359764485385174,0.8685291610700738,108.16258878096401,493736.0129190763
2023-09-27,21.582169316637703,0.8983277991825043,108.64797548292127,536614.9003821366
2023-09-28,18.529730501651954,2.023899522642415,107.29479619144531,531015.0227039405
2023-09-29,21.367129115157045,0.6067679151741134,107.01800965900667,508606.92231573997
2023-09-30,14.182946755385604,2.6452402577328997,107.54839840918535,508935.24070390844
2023-10-01,18.616658428697374,0.6948623475080036,108.55056803180261,618343.9961260532
2023-10-02,13.08503097634458,0.19951576658752912,107.11447698447932,510818.2017175861
2023-10-03,18.411514242788105,0.3088106581363751,107.5105843938998,529883.4402197275
2023-10-04,14.318559407572645,0.0,108.19557397343202,516610.8969214345
2023-10-05,18.65316093359276,0.0,107.59470417584524,490230.7526122866
2023-10-06,15.635566561462852,1.2261859611811134,108.03011835124802,503847.0604612092
2023-10-07,19.2554284801991,0.0,108.27408877779851,531811.415974545
2023-10-08,13.626196610546426,2.7002544505567356,107.54082277292775,547921.1940190959
2023-10-09,18.871988801935558,0.6605265605688331,107.50323705195203,550037.550329947
2023-10-10,13.46512385834944,0.0,107.72357916182295,477107.16763685545
2023-10-11,14.058220101609788,0.7349096701870339,107.61956419391336,528060.6244221365
2023-10-12,15.494587716152575,0.0,107.55441263741528,527171.285859491
2023-10-13,19.98638375117614,0.6701773214427662,108.27867447090222,458923.44499738957
2023-10-14,14.013795422164833,0.0,107.59669710176031,568273.862087783
2023-10-15,11.77484837648953,0.7095109642291906,107.37353289968804,506342.2610420318
2023-10-16,20.41065035046403,0.0,109.1257296124102,512652.7248974294
2023-10-17,18.813012964889126,3.779123846525293,107.89565975732911,495585.11552180664
2023-10-18,13.574968903294689,0.0,107.56411253507304,492816.24181939854
2023-10-19,14.59801389698608,1.6341271937503083,107.86896640602815,469814.9610628387
2023-10-20,15.344113123819222,1.4839578342325948,107.97615485783159,511899.4751627237
2023-10-21,19.54175657549969,0.0,108.14841824845658,542023.6875735105
2023-10-22,15.888199458974574,3.2797156658100075,107.26429052690811,482293.85805441777
2023-10-23,15.800969522990078,0.0,107.8219756836317,489609.44618674304
2023-10-24,16.189545651175603,0.0,107.30338605758067,515298.08469444775
2023-10-25,13.43258992054834,0.0,107.84233373418348,496199.050768105
2023-10-26,16.49859784885762,2.5744076175656456,108.20810702092653,471856.48205424007
2023-10-27,16.126858217396652,0.0,108.58609283293414,523134.2253344605
2023-10-28,16.47904924622642,0.5311257808746308,108.29883798022189,553746.2344442252
2023-10-29,12.805534324701918,0.08803825477321059,108.51350790622095,533937.4924707577
2023-10-30,19.74574369105305,0.0,107.92786880867132,477079.85120522237
2023-10-31,12.472144536708115,0.0,107.30150398195364,484343.82047907275
2023-11-01,9.246793459935155,0.0,108.68850170991921,507915.95974429906
2023-11-02,8.497535175122744,0.0,108.39351844958851,468367.7793282312
2023-11-03,12.488156490241764,0.0,108.12792139827624,440963.710172268
2023-11-04,15.35715168895559,0.0,107.2675985156166,492657.6809747799
2023-11-05,15.745429914183635,0.0,107.68472128264736,541831.4235446624
2023-11-06,4.366767624558721,0.45720377350203956,108.40709445324887,505893.91090059315
2023-11-07,14.063224888102749,0.0,107.14428305170695,486321.17377557966
2023-11-08,12.095345907447694,0.0,108.52968515672974,451719.2903280268
2023-11-09,8.26262193429967,0.0,108.5779802896738,502323.0893035571
2023-11-10,11.488664968535858,0.0,108.2178413533979,466517.3321572679
2023-11-11,13.189440965134827,0.0,107.78985164781372,461707.0932937081
2023-11-12,12.46926193358665,3.005831761248562,107.97671384906232,521352.90469550685
2023-11-13,10.521113246985042,0.0,107.31556664739318,439087.800127826
2023-11-14,11.655538542073296,0.0,107.5231482084426,431377.4293635518
2023-11-15,11.092295072287365,0.29664218165998535,108.01906647326571,456566.06895431987
2023-11-16,13.555974695115742,0.0,108.06122011285278,421527.83846861793
2023-11-17,14.85234579763293,6.53281475926053,107.04450029860124,419381.33242460544
2023-11-18,8.760066156448396,0.0,108.86190348271472,501089.6607236707
2023-11-19,8.861592879451404,0.0,107.75224091536928,503415.682954433
2023-11-20,15.323601171048889,0.0,108.66520681892096,469619.78858436295
2023-11-21,9.527007969729208,0.0,108.29903608462541,462566.79540626367
2023-11-22,9.961563154328656,0.0,107.74473001162869,488656.15119843587
2023-11-23,1.3915285622783635,0.0,108.16944644095786,461572.42887133086
2023-11-24,12.747930679770365,0.0,108.43444460085274,478214.47499384644
2023-11-25,13.267936760355628,0.0,107.00895522532485,492332.05962298467
2023-11-26,8.503314261191976,0.0,107.43788531613005,547479.8921555254
2023-11-27,10.702162325378229,0.0,108.58062147393429,459912.5419940128
2023-11-28,9.2526847680046,0.0,108.63709847733317,414137.2252256566
2023-11-29,8.726413770641443,0.0,107.84241063841442,436661.0184597952
2023-11-30,11.52574443162994,0.0,108.07709963124164,471850.30216581316
2023-12-01,4.330048782439324,0.0,109.27467455126737,440993.72869647376
2023-12-02,16.735545035456923,0.0,108.29237941796062,504507.3138021838
2023-12-03,15.747948993443476,0.0,108.14392687174335,547258.4992645942
2023-12-04,13.003542680463811,0.0,107.44383930486214,479380.3194753919
2023-12-05,17.43057579410405,0.0,108.95471279405832,465322.9705840935
2023-12-06,4.975314625236041,0.0,108.64409553797461,398930.2581392552
2023-12-07,9.634246812614014,0.26969739617245514,108.06790206942208,449361.81347060384
2023-12-08,10.692061083650032,0.0,108.50679297729252,449836.86289574235
2023-12-09,13.962384739519855,0.0,107.97979650112691,507205.5577373678
2023-12-10,7.346444225519148,0.0,107.68727259054913,476138.6357611549
2023-12-11,12.214816765210841,0.0,108.11458804032807,451544.25641524955
2023-12-12,7.288416820244282,0.0,108.65427040088129,472570.7918357529
2023-12-13,12.22863386370935,0.0,109.18435101793362,429726.469376963
2023-12-14,12.315544043218829,0.0,108.64730466112535,469927.09846429003
2023-12-15,12.536961952223844,0.0,108.06992629301207,437865.8580516297
2023-12-16,12.64490032591948,0.0,108.5858258150067,561073.8212496827
2023-12-17,11.453769900056457,0.0,108.6077040556649,493539.039401562
2023-12-18,14.314842387756743,0.0,109.00438507454393,450484.3692312282
2023-12-19,9.758228906165009,0.0,107.62332095394416,476037.3258482387
2023-12-20,13.269366822365576,0.0,108.60453454367544,455001.67404208484
2023-12-21,1.1389234785728561,0.0,108.23980233132114,433405.97262208373
2023-12-22,7.532457462164965,0.0,107.61087531433921,428844.6980358882
2023-12-23,11.50036998658081,0.0,109.18005483670528,503699.6764496687
2023-12-24,13.473555509891277,0.0,107.83365567510998,486545.3607497499
2023-12-25,7.014490008181189,0.0,107.6431799069217,480216.6242651979
2023-12-26,7.269672528249609,0.0,108.52567482411351,447274.7164171193
2023-12-27,8.707309771905685,0.0,108.56501527391792,484766.9540131864
2023-12-28,9.004345431120672,0.0,109.11137961706541,505914.0052776699
2023-12-29,11.978562837804224,0.0,108.34651271747656,460897.8001056761
2023-12-30,10.03970316215445,0.0,109.0684493682754,501928.91509625886
2023-12-31,8.943488017863316,0.0,108.01169614357588,470149.992430374
2024-01-01,7.7569723351151385,0.0,108.67456846099502,405675.8611175857
2024-01-02,14.611338767377331,0.0,108.40215201897857,452554.20519890415
2024-01-03,6.72594391775331,2.672469588027827,107.87511729417018,451172.33992081025
2024-01-04,13.523625059726829,0.0,108.09239007935481,490935.57302000845
2024-01-05,8.034045081789994,0.0,109.2574550124717,446217.9155463675
2024-01-06,14.055559780402586,0.0,108.55878554730702,515407.08846510673
2024-01-07,13.287094175978453,0.0,108.15394640014942,511066.1423413527
2024-01-08,9.59855064749976,0.0,108.39008629622552,500231.0543697578
2024-01-09,9.719218084126906,0.0,109.92837452231919,474956.33262558264
2024-01-10,12.367121472689629,0.0,107.98097472313867,470336.3731100647
2024-01-11,10.398032168514655,0.0,108.79387951360941,453880.23928400903
2024-01-12,12.80863927847319,0.0,108.83389524809044,464526.5891633167
2024-01-13,10.181096105119611,0.0,108.63018027672662,507196.5744219307
2024-01-14,8.620777069901186,0.0,107.871201228306,425014.456686052
2024-01-15,12.547943186065202,0.0,108.16213942947597,433902.2276480563
2024-01-16,11.690748163827212,0.0,108.56191659658916,441025.76259081287
2024-01-17,9.809814475292097,0.0,108.41674262951227,444618.86941613205
2024-01-18,11.847980447518276,0.0,108.38861198045593,481344.3997095981
2024-01-19,5.987137458465451,0.0,107.98409987931184,478044.3036084204
2024-01-20,10.727575393121947,0.0,108.12576394218088,520596.2653441235
2024-01-21,8.31543170569424,0.0,107.90580643051229,524966.1565234658
2024-01-22,9.747193219362407,0.0,107.88308567128277,489042.1234212063
2024-01-23,10.073835527276835,0.0,108.21088067796397,455701.7731908337
2024-01-24,10.524928398559782,0.0,108.56237012719673,486498.6111563497
2024-01-25,15.755037585369914,0.0,109.06691516440596,473570.7032982948
2024-01-26,12.069912580430014,0.0,109.34933322494224,465064.7850109463
2024-01-27,11.41788576088061,0.0,108.21576833697333,531651.2594484909
2024-01-28,14.68170515722841,0.0,108.52709789749485,542545.4709919081
2024-01-29,11.516623907800419,0.0,108.34581452635966,462326.9280823219
2024-01-30,13.896510777308247,0.0,107.02663130947917,464297.4633264989
2024-01-31,17.71120023312018,0.0,108.32696039701412,494338.7211749565
2024-02-01,10.037800189292934,0.0,108.02512734906844,459247.78487336147
2024-02-02,18.00196696543309,0.23188317078284948,107.84256045783447,488873.4784221313
2024-02-03,18.23595928045728,0.0,107.62567839703514,501770.80743661826
2024-02-04,14.842100027084367,0.0,108.40637820057289,507322.5264903813
2024-02-05,16.181051867239113,0.0,109.4621812614624,465435.88814016694
2024-02-06,9.50922878510169,0.0,108.23896348936235,425780.97841112333
2024-02-07,11.179174289938071,0.0,108.76551154345607,480282.45540130534
2024-02-08,15.902151243869556,0.0,109.43087402890406,491040.9349105614
2024-02-09,17.200774040664893,0.0,107.34075949737898,498244.8689410383
2024-02-10,17.245539806918593,0.0,109.13510514575415,540851.541107067
2024-02-11,11.314858733479586,0.0,107.71775355558373,499199.1296282054
2024-02-12,16.9735704279042,0.0,108.67147948590889,449586.50637255557
2024-02-13,13.120239995370353,0.0,108.52164900962948,524448.8253315841
2024-02-14,15.471887115938037,0.0,108.13433645637716,455959.6319386731
2024-02-15,8.020246025268243,0.0,109.10223789498488,504639.15196720144
2024-02-16,14.538572595782169,0.08444388900921695,107.99389766052641,510647.5372353239
2024-02-17,15.958157835910725,0.0,108.39448956248832,508526.5402484227
2024-02-18,14.393343259868411,0.0,107.7387802272404,512756.31115558714
2024-02-19,18.048215063290495,0.0,108.77383884467824,480348.48972365895
2024-02-20,16.132658503380775,0.0,108.34933952180572,497760.4277696593
2024-02-21,16.073788159658427,0.0,108.38255472391502,476420.7670422752
2024-02-22,18.81284010017083,0.0,107.89232864549912,511908.64663718734
2024-02-23,13.268190476856653,0.0,109.91565429573963,528412.3213584347
2024-02-24,19.13595477207134,0.0,108.13033022664033,531853.171474272
2024-02-25,18.123582545676786,0.0,109.49248982410907,552063.0193407998
2024-02-26,12.853033458629564,0.0,108.87420814790039,508292.2068824541
2024-02-27,16.344703948186236,0.0,108.3569480117312,508212.6902595287
2024-02-28,19.301488600966717,0.0,107.70141521629428,498887.37786996656
2024-02-29,14.003069866193997,0.0,108.55832186515556,521438.7830767375
2024-03-01,20.040172767477276,0.0,107.83454708158779,520802.9660384011
2024-03-02,17.61173242875941,0.0,108.265339535,584270.7086750587
2024-03-03,19.796658634526576,0.0,107.58228045675817,546579.488529216
2024-03-04,13.289804829702643,0.0,108.19431857955998,492948.03233703057
2024-03-05,16.80456287521238,0.0,108.88584931467346,499290.2233768302
2024-03-06,16.969532847547764,0.0,108.30477353432673,529836.8063939377
2024-03-07,16.099895016715255,0.0,108.53018551542637,563520.6013284858
2024-03-08,20.062236275690925,0.0,109.15295297983444,491781.6053717086
2024-03-09,19.453693508911677,0.6382031969353495,108.3144985735255,603171.6482752926
2024-03-10,16.002948291850064,0.0,108.28408978820391,595886.016083994
2024-03-11,15.740498986104578,0.0,108.82115701386881,491864.33104275604
2024-03-12,17.88613806774474,0.0,108.93540316038349,513682.60699373024
2024-03-13,15.748086391532961,0.0,108.58055910402427,566596.5644113855
2024-03-14,19.465406359762987,0.0,107.899332520577,565721.0293875512
2024-03-15,23.867752634853872,0.0,109.44973167955496,551002.64799649
2024-03-16,18.099974436750696,0.0,110.03942165338383,612209.2169889682
2024-03-17,20.114181255373683,0.0,108.51685619517953,584017.9587858233
2024-03-18,21.581147129437902,0.0365827203329423,109.06095114138392,581868.3480077982
2024-03-19,19.8936507093119,2.073433773537304,109.10694837327027,513423.858956962
2024-03-20,20.162154988538003,0.0,107.62865740886298,521345.2394408725
2024-03-21,24.07276258693873,0.0,108.20073989139806,563421.5671190545
2024-03-22,24.74753194112801,0.0,109.48912524015492,561268.9648255389
2024-03-23,17.584130602549802,0.2969439905018223,108.58029038348565,610386.7846437158
2024-03-24,23.134817544767603,0.0,108.41300846527301,616749.1244235117
2024-03-25,24.17762155698497,0.0,108.7912931875768,627983.8422206664
2024-03-26,21.61053289200094,0.573580209188285,108.71427845181901,581620.3972606432
2024-03-27,21.54317365620682,0.0,108.84597489776834,550423.4014192204
2024-03-28,23.629952753792917,0.0,108.08474445786273,546664.6675873479
2024-03-29,21.97497053393213,0.0,108.36290008139987,561876.3148323868
2024-03-30,21.23009176759661,0.0,107.7150320319381,654666.9883825673
2024-03-31,15.961949176163458,0.1931585355699782,108.85025687842308,597281.1794772706
2024-04-01,22.402427029356563,0.16722499652989878,108.55422881460144,567780.0580172151
2024-04-02,24.01471060061761,0.25271815142839404,108.93099997004123,550637.6088007992
2024-04-03,25.191497846487096,0.03991987518599821,108.28239268141832,555975.2869851114
2024-04-04,25.00898894649583,0.0,109.1172444859558,564413.0969711824
2024-04-05,23.370921987972856,0.0,107.96172210787957,551466.8677106114
2024-04-06,23.72215040919513,0.7281620571306695,108.36229695216234,624000.1636887944
2024-04-07,21.095222467083047,0.0,109.20599608388673,641133.6149983136
2024-04-08,19.418934054630377,1.685622109495362,108.8635321042469,511019.7257443682
2024-04-09,25.141519840993585,0.0,108.11763333001018,555338.860009676
2024-04-10,22.157816177665886,0.0,109.21338717765691,611403.8021644783
2024-04-11,25.130427776923543,0.0,110.2701747456914,561365.8940930237
2024-04-12,32.326794873728865,0.0,108.99208683750535,576949.5994786655
2024-04-13,23.74555208176462,0.983569497568164,108.14148548177613,669969.7758792237
2024-04-14,19.332329605349038,1.315668674800795,108.93859154296406,660669.8752283964
2024-04-15,20.742434067104256,2.886205172406597,107.89345954242928,543372.2107133038
2024-04-16,28.47074642721536,4.37906070378565,108.19701432142814,547772.4228777812
2024-04-17,20.16899411520305,1.4299898131690358,109.42929648883522,574942.2976704952
2024-04-18,25.041122314380587,0.49264727020555293,109.10188847860188,596451.2477477547
2024-04-19,25.84968305240156,1.0191713511311316,108.71584654254814,584690.8991779131
2024-04-20,24.25963313127623,0.5411477940717115,108.54613305853226,659565.7388863148
2024-04-21,29.16276077193172,10.578291075561182,108.26831013660666,661316.5647434056
2024-04-22,24.422298262552356,1.709593802928001,108.71033435843162,567839.1309860606
2024-04-23,30.114993834401908,1.5296501687040633,108.8210774864146,632143.3982373455
2024-04-24,25.094538850457305,2.1254965966634813,107.56464509206384,542929.6576830307
2024-04-25,26.251668379965974,2.8910474619642255,108.19824862091515,591094.3162246646
2024-04-26,27.17845872334268,0.5000500345455638,108.93785150343523,648291.748535777
2024-04-27,27.608300061139346,2.6774903000843078,108.79683691074014,600321.7629100154
2024-04-28,30.272987000588458,3.7046957914288643,108.68053284877689,642098.5879434958
2024-04-29,30.865509702213053,2.4683851882850427,108.55376316626844,614177.483958588
2024-04-30,24.805126592579498,1.3069165937960754,109.09733836648645,605699.1226591708
2024-05-01,30.628968660919575,0.08715591665690647,108.62826399674182,593622.6640141781
2024-05-02,26.980440407766274,2.247996859197286,109.59348317369945,567843.2777453687
2024-05-03,24.680571625489485,1.1596330827938934,108.503000701991,581944.2760476841
2024-05-04,26.772219939132395,4.3506534408597055,109.09245760607189,615656.1557638409
2024-05-05,27.774649932659642,2.384109535085628,109.14165940287067,677686.2098372527
2024-05-06,30.8603091961092,2.21543820136943,109.29044443472374,565288.0290599378
2024-05-07,25.675542113912467,2.5221064685894468,109.42532005963834,656574.468495191
2024-05-08,26.0134397526625,2.4474251995601826,108.91081971678295,619186.2708960987
2024-05-09,31.412786240065014,3.03782803924976,109.57893615622662,607029.7475868096
2024-05-10,30.364872247806673,2.9502522982790196,108.28812564534998,585029.3848131855
2024-05-11,28.733590355338368,2.4073394206614083,110.07523377435352,704318.1407696392
2024-05-12,20.750292873036372,2.123128144492667,108.91084651715414,623694.1156014638
2024-05-13,27.932652415121595,0.5989105804910673,108.45558754798232,615209.6359614156
2024-05-14,23.236238644138048,3.048784437177893,108.82501153227632,640277.8341247666
2024-05-15,32.44507176336577,3.687620242055773,107.86916710548326,579559.7745746853
2024-05-16,32.76134744659835,1.6571073322054621,108.94312360695032,612161.8358205265
2024-05-17,24.07674962774304,8.376559191249768,109.52679336286016,613901.311574527
2024-05-18,26.606842776272718,2.401727682959734,108.79043197306909,637216.3999942963
2024-05-19,25.858880954006857,5.806412289822073,109.17455949060297,653423.7535168307
2024-05-20,26.33382830989201,2.8964939182112657,109.12058299693197,610857.5042594055
2024-05-21,24.246249350513864,4.302011129198555,109.20915600063722,577777.0199838623
2024-05-22,34.268111303632466,3.769616715887256,108.77058841077609,585410.4652200852
2024-05-23,22.699336402880878,3.587411743409364,109.79599416603777,599561.7353272843
2024-05-24,33.310842367036656,3.9202946527335967,108.8271412496023,632805.2716518198
2024-05-25,24.690585543385904,3.7915140592352645,108.52602560890057,629154.0910750516
2024-05-26,31.119339304290552,5.241857535145355,109.64378948962916,666036.5187077171
2024-05-27,29.953099404356564,3.1049151778366166,109.32711778124377,619926.3174853096
2024-05-28,22.08412859718829,3.053960226198933,108.03171529326744,571709.6553124281
2024-05-29,30.40632920336501,8.847229609081959,110.28280983927861,598316.7658760699
2024-05-30,28.048304636667297,4.90792389582339,108.24865834112698,558810.1974342947
2024-05-31,26.786621375024293,3.739814114092002,109.16938101972585,572859.1099319234
2024-06-01,28.960712762478163,5.9776859250535885,108.9721832002322,691555.896837293
2024-06-02,32.196835902111786,3.0584108589030246,109.28450156775088,676317.6027075077
2024-06-03,29.909723423096093,3.8418457812052607,108.38562170587247,604311.266875627
2024-06-04,26.92956412360679,4.70960804450349,108.90957844707128,557656.3805984
2024-06-05,29.544877432751655,2.5726298579305666,109.47643769926508,674359.9514233344
2024-06-06,30.530189113617652,6.729435768189703,108.9163047382318,559408.1761697937
2024-06-07,32.55530331806982,5.529035493972572,109.39240880518541,587506.7724702954
2024-06-08,29.386120132611648,5.169833647698584,109.19970536906584,693099.9840852447
2024-06-09,37.884585059890064,3.9110975406953794,108.8096718831805,679673.9890185255
2024-06-10,28.241696583580538,7.650587724688898,108.95681609764945,637835.3180194941
2024-06-11,34.69822957013215,5.946933300296234,109.2017886291444,641466.4475615678
2024-06-12,30.21939810224514,4.451160065453736,109.23098303011056,571188.5622289013
2024-06-13,31.613324317575973,5.128697271796977,108.7036011844442,633137.4401986434
2024-06-14,29.01708416592105,4.2737779521942985,109.26972607452589,642505.6623143434
2024-06-15,31.903501469840926,9.383314820320564,110.32503231814646,681156.0110597209
2024-06-16,18.473802419293314,6.493564858435974,109.02849698999232,638404.4038489047
2024-06-17,31.828897990995934,3.0767519519635433,109.43496400357071,609448.968147241
2024-06-18,27.94775210859267,10.970368586451738,109.51016069292666,634762.3600852012
2024-06-19,29.537735416426273,3.9105240170772317,109.13512257333862,573542.6952744838
2024-06-20,25.042572625901588,5.693556879910476,109.01439426752363,629007.1801312505
2024-06-21,29.23001238549237,7.055401913591449,109.70488221824101,608412.6324378276
2024-06-22,25.82378439209685,3.8874127000877787,108.24094266433684,646313.1925644868
2024-06-23,33.14819117816595,5.592718784423492,108.89324245057351,722919.158794063
2024-06-24,29.14952517753918,6.837804208908235,109.18816867153036,647730.0299523197
2024-06-25,27.836844467239413,4.984256870700364,110.96972173075741,636206.8002601792
2024-06-26,28.705878822603065,3.813349610387876,109.87208569765404,600832.7277052398
2024-06-27,37.7251605275241,5.756477040793876,109.13129678111555,624846.6502600074
2024-06-28,28.332623071752156,6.726613356742008,108.19089505471352,594105.526367966
2024-06-29,32.37091489731077,3.8538066454566198,109.39043713971039,700432.1887504017
2024-06-30,26.435669334438497,4.6775458776821734,109.46616607477765,633511.8465015258
2024-07-01,30.123762445223292,3.6864434207825845,108.88444252376075,648438.9561882968
2024-07-02,28.812727473066573,6.3349775953864045,110.24351216797066,614325.6069577303
2024-07-03,27.900095669715228,4.60663775968373,109.01164459527637,547520.3206394315
2024-07-04,29.41738763858753,7.189824893566062,110.16774349847974,619966.0778112276
2024-07-05,30.556467798382293,6.8301733479020115,109.24668117602135,637797.1516157577
2024-07-06,33.95230961170679,4.511919889623501,109.4104485943645,655636.894467123
2024-07-07,24.023154333063566,5.866521040419666,108.86992847092625,653809.6331952381
2024-07-08,33.832953874766645,5.683445006351285,109.26421696115318,634877.6759085123
2024-07-09,26.95608877707327,4.507009478304341,110.08565966627813,551455.2069994562
2024-07-10,33.928387858345715,5.506105575488791,109.28990192764856,601204.32005695
2024-07-11,29.481632309518616,4.872971832415914,109.74906054267076,602720.5961607078
2024-07-12,34.53305102886703,6.218264452881915,108.89666349195537,565132.976781734
2024-07-13,29.62755638726628,4.818687406753058,109.38038275264887,672642.8941032799
2024-07-14,33.31499854971888,7.517092249804808,109.20544914765883,676379.8083643849
2024-07-15,30.791110996076014,6.260192709047545,109.70563279270262,591879.5418307269
2024-07-16,30.275901606667773,6.799900800083223,109.37712868327934,574735.9838036593
2024-07-17,27.194140920135858,4.363639910936522,109.3178540571814,624981.3397447425
2024-07-18,30.574428960999246,3.786636851174081,109.70170913186402,621770.3561933831
2024-07-19,33.60333277187619,6.023038295508188,109.54812395671075,530692.0275089539
2024-07-20,28.085803982339215,4.709895008689405,109.84280314387956,610969.7800358563
2024-07-21,31.529377490463,5.3502812209119455,109.49689959090283,612237.5001163707
2024-07-22,33.35067877554057,6.17043755549643,109.63907547926175,599015.8573073931
2024-07-23,33.089769498442145,4.516130499943156,109.69442711547806,556051.1377216702
2024-07-24,28.089098467020644,5.8099356422145805,109.5699186218563,629128.7239361644
2024-07-25,30.049964820313697,4.6497626773510286,108.3060976526217,640419.7493779041
2024-07-26,24.60447251170486,11.61169367002896,110.52447525445876,554641.3658787251
2024-07-27,30.422125986649515,8.54444012836729,109.15108702029332,631710.3670728131
2024-07-28,29.20975768100419,5.068496222629139,109.17758567030118,621294.0088050901
2024-07-29,29.598968225085336,7.314374269783316,108.59294149565862,571260.5997408417
2024-07-30,25.349856076546175,4.607921292241586,109.89583026753296,563163.1163676453
2024-07-31,28.18026343516648,4.484063686652795,109.4824686105552,606600.948214755
2024-08-01,25.0358436693924,7.194083544663554,109.59450643075557,559492.647281181
2024-08-02,29.30244857271154,6.80021281746456,109.57795676442873,558920.8800322112
2024-08-03,27.996922139846074,4.4254818956839665,109.06948699094276,625148.653125465
2024-08-04,23.763406086256673,5.251882190666741,109.68708773926103,660219.555065082
2024-08-05,22.079990746322263,3.1425290377667814,109.75341382202564,556776.9404467682
2024-08-06,29.78554787140215,4.062367542473038,108.7356335702444,624104.1314470685
2024-08-07,28.641732215708252,3.7210686422714723,109.20690467204258,571000.0507002391
2024-08-08,27.998527488646808,5.280599283216677,110.64919984222803,547042.9076834791
2024-08-09,25.468107092074295,4.28685445807658,110.11733306680738,645300.9934483267
2024-08-10,23.38770043961177,4.700171856425252,109.8394841378381,611454.9036665122
2024-08-11,29.966195890551617,4.307106868926619,109.06609184157287,663328.4710205436
2024-08-12,27.636254912923615,5.392674769073458,109.43433985186125,512352.73593097174
2024-08-13,23.827349685868192,6.568583010253003,108.88552903209295,558555.9396000006
2024-08-14,28.8965115101456,3.248828426793063,110.0037617636894,588492.6501437615
2024-08-15,28.713416556327356,5.495253782995789,110.15812979877985,559176.303863583
2024-08-16,28.568000337022674,3.8449756277659883,109.09050522817395,527127.0286831763
2024-08-17,28.993443515988563,4.096047306096733,109.46717165379623,618664.835999438
2024-08-18,29.013106710859155,3.288789715438149,110.23460611677483,666097.7145531032
2024-08-19,26.943537149595837,5.522080731879953,109.13017181579237,583316.1091465754
2024-08-20,24.16895232805055,7.165422931871932,109.80846530914447,543708.3336092655
2024-08-21,23.352427862301713,3.717425671251602,109.65990768161383,602690.7549580338
2024-08-22,23.270082036013562,3.341546598827224,109.6483333597507,521823.85354673926
2024-08-23,24.64856185484193,4.0645582999454755,109.45492925308317,625753.7578359836
2024-08-24,23.985030125760108,4.696633747593383,109.28736967604252,602306.1466303032
2024-08-25,24.911470316485328,4.5574383587166984,108.46580296765605,610975.3287739389
2024-08-26,27.644498030929075,5.564802574856674,109.2887615321436,569794.6106598687
2024-08-27,25.025678267606118,4.561118727839187,109.27766835125769,548086.870361733
2024-08-28,21.032478134787276,3.295668495370517,108.53298364582595,566485.928594829
2024-08-29,23.99586983708121,2.5985075599222895,109.90418040552302,560437.0888835724
2024-08-30,21.893159276204003,1.3072936400615578,109.32297044028235,562464.9942546304
2024-08-31,27.513894729729472,1.4467030462717063,109.5200425111221,635415.2028080615
2024-09-01,25.52646491727524,6.312078097412622,110.32104243571929,560825.6492931925
2024-09-02,21.59789557501334,2.6346595386529286,110.9835981502367,576798.2214611967
2024-09-03,24.49542691202399,4.01372658422855,109.3262758906488,481840.4644763919
2024-09-04,25.92849631142816,2.5302601784752796,109.13592107175073,574361.7077473922
2024-09-05,29.713100036487482,5.14783757859034,108.86507429929578,570447.3389232445
2024-09-06,23.792992665892104,2.1954328595781236,110.22538275517529,566591.6797684699
2024-09-07,20.96788895880375,6.533468373816025,109.05645053741146,579452.9727169832
2024-09-08,26.36383932195838,3.66044075762956,109.15797826224936,563376.0870106657
2024-09-09,20.447404043730465,2.6024297518667265,109.98689551817009,532433.8575421977
2024-09-10,26.32940610827035,1.593371247293509,109.5170828683282,581319.2394649095
2024-09-11,15.947493093126544,5.17931557344715,109.86760016046242,498103.0871695181
2024-09-12,17.87111491443047,2.772313389661493,110.34814956658198,566050.4047204842
2024-09-13,23.08523911056383,2.049625980567722,110.9090209844901,515657.61980157933
2024-09-14,23.18406409916254,3.719255053243275,109.0770055705727,559403.8709904419
2024-09-15,24.06172950269157,3.250264291635766,109.73422626546771,629628.1031267248
2024-09-16,19.424495647392273,2.79935553021099,109.24550813876627,556996.9542733808
2024-09-17,24.104876196385533,6.080635244750221,109.61563231994693,523567.9764273607
2024-09-18,20.553006497518954,2.20789036265982,109.2252377381942,572475.9367396613
2024-09-19,26.04712327717402,1.8031829664544066,110.06689055515469,536541.5257957145
2024-09-20,20.43406590097685,2.130950291173643,110.06289441914139,533931.714291265
2024-09-21,19.48786336503563,2.3985616873159663,109.23307994095414,588479.6293478474
2024-09-22,23.234740006601694,1.9295529300052592,110.23376528534008,612453.0932564358
2024-09-23,19.667784506263366,7.059732910140782,110.01111004020382,553661.85071145
2024-09-24,20.494933583473177,1.462670162807492,110.52894418926293,514054.58693704463
2024-09-25,18.570001001251903,0.7085244715358174,110.01320851730273,512076.254042635
2024-09-26,22.0020188401555,0.0,110.09509470263379,520486.58485227654
2024-09-27,17.6357461081002,1.1852439513695323,109.8983957542982,473263.5585067643
2024-09-28,13.224345193092253,1.1487342156818026,109.61973364261377,569993.6368069544
2024-09-29,19.1031950388897,0.0,109.52672557043195,573650.2708576695
2024-09-30,14.846350670195928,0.0,109.48158185763714,565940.9572044092
2024-10-01,18.280600418203647,1.5388059620849546,110.07435666061717,526501.0803340828
2024-10-02,16.64202322089357,0.0,110.30969851415922,543404.6807720421
2024-10-03,19.409526499191436,0.107554528766516,110.54818419485568,510197.4182315912
2024-10-04,17.879363785018956,0.17228109493826874,110.36678771915216,492904.6166593075
2024-10-05,13.65754910568708,2.0274909456450465,110.39485302671193,568101.7149394772
2024-10-06,17.212755942800317,1.0055337296249092,110.69327820580517,561551.7527193713
2024-10-07,15.299028881180309,0.0,109.72728755462374,547727.5646371659
2024-10-08,20.200130371972126,0.0,109.41143790015869,489510.66855197714
2024-10-09,18.533935797474864,2.5660635887793997,110.0603017244278,523179.2484662143
2024-10-10,15.312411581438536,1.9068354472657951,109.94844772541686,498428.75308065565
2024-10-11,12.769486422145341,0.0,110.09807886366872,508122.3258883372
2024-10-12,17.648218277716644,0.0,109.52079617310218,531782.513625261
2024-10-13,17.41860899139717,0.2591521295241325,109.5770798099623,563044.280146828
2024-10-14,15.557948485055267,1.7786946413611904,110.03672865524956,503998.4966861657
2024-10-15,16.697506604179626,0.0,110.10306512271048,512603.40361936187
2024-10-16,14.657862742274414,0.0,110.83440299927715,532988.894132338
2024-10-17,11.623339508440342,0.23108610574804,109.41784812666833,507306.11231606174
2024-10-18,16.70830478696998,0.0,109.72117840045038,529266.0671328726
2024-10-19,17.12883036375644,0.08059892096524132,110.68057109936993,576051.2290547682
2024-10-20,12.740982674687476,0.7157261705851949,110.19404678546357,526992.0967876562
2024-10-21,13.682917157910378,0.0,109.7719532666407,460028.4734748793
2024-10-22,12.232926049274543,0.712408238745283,109.91313270307715,477052.269900656
2024-10-23,15.048897128873351,0.0,110.85023356879053,486643.562788296
2024-10-24,18.459619019336497,0.0,110.13928503965853,480654.7851155882
2024-10-25,14.276699098639947,0.0,109.95380800851702,521809.6777989695
2024-10-26,11.209919898951716,0.0,109.8742742979122,507216.1925855091
2024-10-27,15.567324698247466,0.0,109.37151405505985,503850.19230075163
2024-10-28,14.259859862730398,0.0,110.1935308723547,490273.2531756839
2024-10-29,13.394760294663627,0.0,109.55580483751841,465629.1445222469
2024-10-30,16.104601610873694,0.0,110.30125416827136,501112.1004522966
2024-10-31,10.166567430509936,0.0,109.70020580819086,472859.6904362307
2024-11-01,13.60770517597437,0.0,109.51419405577087,461790.9204382076
2024-11-02,16.713926496176565,0.0,109.6141596948733,514788.6292927536
2024-11-03,12.294148881410667,0.0,109.69107082794172,479491.8327079758
2024-11-04,14.932473480654416,0.0,110.90757298154621,499603.14084749465
2024-11-05,9.459739216674759,0.0,109.90514463429254,445195.54503030673
2024-11-06,13.271389711364915,0.0,110.29656339150779,465567.43270095566
2024-11-07,3.0671138421208735,0.0,109.58955485758803,522401.5238654699
2024-11-08,13.808149996259887,0.0,109.35834592911115,488604.9331473101
2024-11-09,10.553286018465812,0.0,109.72041626451771,536860.3077704385
2024-11-10,6.720767616071898,1.914722035053316,109.28412718673435,467039.62832893926
2024-11-11,10.859581772936945,0.0,110.33790327396866,473730.22314978717
2024-11-12,12.722092400890716,0.0,110.76035022376631,489980.1769875041
2024-11-13,12.260614710534387,0.0,109.92412310123979,510104.2902770111
2024-11-14,9.775277675287375,1.011539681298185,110.27912553163812,467311.2519242
2024-11-15,13.533052545795464,0.0,110.4997835873279,461892.5288795744
2024-11-16,13.98795094050538,0.0,110.02487209831104,565712.0204942842
2024-11-17,9.436628894298925,0.0,110.43647516898871,555444.1654569312
2024-11-18,8.01561886480288,0.0,110.13983191149073,470403.92659226444
2024-11-19,14.798713977227447,0.0,110.57325454885186,457138.83465318574
2024-11-20,7.869303475278258,0.0,110.08372436526929,439337.644592485
2024-11-21,10.524972050415847,0.0,109.52869932680717,474519.4806140416
2024-11-22,11.649465731378864,0.0,110.06641816151757,445643.5240741521
2024-11-23,5.87713123674403,0.0,110.85209627097903,495683.4669767845
2024-11-24,16.49023701030674,2.388247679578921,110.82099522303956,513140.0101328376
2024-11-25,8.49395043348862,0.0,110.18529052888397,458699.33344885526
2024-11-26,12.235956322266343,0.0,110.86235551990369,466633.00311621133
2024-11-27,5.021679901790656,0.0,110.31159614399749,467233.7533524905
2024-11-28,11.851549839150533,0.0,110.8483670808281,467249.5784203107
2024-11-29,10.002387809966514,0.9888338904904808,110.42636434162682,434098.44126086385
2024-11-30,10.313241019979047,0.0,110.13578968657578,486825.9391375732
2024-12-01,12.255643889843832,0.0,110.13538342543251,508195.2760135969
2024-12-02,5.974782174691405,0.0,109.7173926222558,471848.17888708285
2024-12-03,15.626887045081844,0.0,109.77461386796108,491862.0894275187
2024-12-04,11.425621794294097,0.0,111.27234092654433,503553.15719690575
2024-12-05,9.27868933622325,0.0,110.9645444639426,451257.16431852424
2024-12-06,12.377531855095267,0.0,110.37368941899184,497690.52588792064
2024-12-07,8.255528823293417,0.0,110.61163531697146,498028.4708389776
2024-12-08,6.706817740328754,0.0,110.04052712638754,478027.64234232315
2024-12-09,9.218677629629346,0.0,110.10442665619222,482487.09505044424
2024-12-10,12.317495502326253,0.0,110.49767964166857,446141.8344566594
2024-12-11,11.406545533915253,0.0,110.34652665384195,444840.91263252264
2024-12-12,8.747339450076012,0.0,111.21696534819307,475105.4106724948
2024-12-13,13.238619286672712,0.0,111.58741783392728,472348.9988634107
2024-12-14,12.53883803548138,0.0,108.90296301468267,475164.62008402694
2024-12-15,11.010288713150715,0.0,110.61360821337809,509662.6589790032
2024-12-16,11.725601843007645,0.0,110.79602820933147,500380.436209189
2024-12-17,13.293907635307693,0.0,109.56122717141304,447227.6028998332
2024-12-18,9.42205419436157,0.0,109.85590907472812,456775.1992323556
2024-12-19,7.527605328737907,0.0,110.21079961267088,445751.54953463614
2024-12-20,8.45372733425171,0.0,110.4629504228264,471647.9579894032
2024-12-21,9.879841896415627,0.0,110.79151814200107,542317.5251543239
2024-12-22,7.236520001369401,0.04684407678196778,110.20098023830353,551976.7258544486
2024-12-23,9.1546582646198,0.018050176778358296,110.3950209281096,492170.99206744373
2024-12-24,9.071349653690683,0.0,110.9171892752825,452693.2329649562
2024-12-25,13.827171768023614,0.0,110.77399599751284,460107.22685095546
2024-12-26,7.870883026786647,0.0,110.29106884345288,456447.3975852999
2024-12-27,4.968347602039653,0.0,110.33804129315087,492292.90645201574
2024-12-28,7.302577901887696,0.0,110.5158311194792,516843.3265834743
2024-12-29,9.121636559471769,0.0,111.16331110803839,545762.6738091246
2024-12-30,2.7181578220151508,0.0,110.27157691467434,482820.3432243288
2024-12-31,7.397539065510465,0.0,110.2910325160563,457588.5222074837
